user_id,transaction_date,store_id,product_category,sale_amount,price,region,city,age,subscription,status,email,username,raw_timestamp
1081,2024-02-27,1,Furniture,1299.97,461.64,North,Lucknow,23,Standard,,,user1,2024-04-29 16:38:00
1003,2024-10-14,7,Sports,2155.65,1375.17,East,Delhi,28,Standard,,user2@gmail.com,user2,2024-06-21 03:05:00
1048,2024-02-19,12,Furniture,3058.26,2431.03,West,Lucknow,25,Basic,Completed,user3@gmail.com,user3,2024-11-12 11:36:00
1024,2024-12-26,3,Electronics,3340.19,2330.55,North,Hyderabad,24,Basic,Cancelled,user4@gmail.com,user4,2024-03-24 11:22:00
1026,2024-12-09,9,Electronics,3084.74,554.86,South,Bengaluru,47,Basic,Cancelled,user5@gmail.com,user5,2024-10-12 07:43:00
1041,2024-01-29,8,Electronics,4044.72,1233.44,North,Hyderabad,54,Standard,Cancelled,user6@gmail.com,user6,2024-11-25 14:09:00
1033,2024-03-12,8,Sports,2740.99,2253.69,West,Bhubaneswar,43,Basic,Pending,user7@gmail.com,user7,2024-09-09 02:48:00
1006,2024-02-26,5,Clothing,3981.19,1295.37,North,Pune,42,Standard,,user8@gmail.com,user8,2024-01-06 21:46:00
1014,2024-12-15,18,Furniture,3866.13,1053.52,East,Pune,28,Basic,Completed,user9@gmail.com,user9,2024-05-14 16:48:00
1022,2024-09-16,4,Furniture,4224.18,1547.61,South,Bengaluru,41,Premium,Completed,user10@gmail.com,user10,2024-02-27 11:56:00
1039,2024-05-02,2,Clothing,4402.25,2843.5,North,Jaipur,22,Standard,Pending,user11@gmail.com,user11,2024-10-08 05:16:00
1067,2024-11-06,14,Clothing,4651.68,2278.03,South,Chennai,43,Standard,Cancelled,user12@gmail.com,user12,2024-03-02 07:14:00
1008,2024-06-22,1,Sports,2814.22,1785.9,North,Mumbai,58,Premium,Pending,user13@gmail.com,,2024-06-18 02:32:00
1030,2024-05-22,16,Clothing,2742.25,2183.89,West,Hyderabad,48,Basic,Pending,user14@gmail.com,user14,2024-06-30 13:26:00
1059,2024-01-28,4,Electronics,2072.84,1050.94,North,Hyderabad,30,Premium,,user15@gmail.com,user15,2024-08-24 07:55:00
1009,2024-08-14,18,Electronics,347.88,2997.88,North,Mumbai,33,Premium,,user16@gmail.com,user16,2024-07-24 01:10:00
1048,2024-01-02,13,Furniture,4639.94,2366.13,East,Pune,53,Standard,,user17@gmail.com,user17,2024-01-30 18:47:00
1069,2024-02-01,11,Electronics,345.7,1456.53,South,Delhi,50,Premium,Pending,user18@gmail.com,user18,2024-04-30 12:07:00
1072,2024-05-06,19,Sports,294.73,291.85,East,Chennai,31,Standard,Cancelled,user19@gmail.com,user19,2024-12-09 20:19:00
1058,2024-06-10,3,Electronics,2345.6,2995.44,North,Mumbai,52,Premium,Cancelled,user20@gmail.com,user20,2024-02-05 07:23:00
1036,2024-03-21,15,Sports,3547.35,1854.45,North,Lucknow,37,Standard,Completed,user21@gmail.com,user21,2024-02-29 03:47:00
1070,2024-03-20,9,Furniture,3063.67,2166.96,South,Chennai,50,Basic,Cancelled,user22@gmail.com,user22,2024-02-17 20:27:00
1035,2024-01-23,1,Furniture,3878.48,1929.48,East,Bengaluru,46,Standard,,user23@gmail.com,user23,2024-12-19 04:34:00
1004,2024-07-08,19,Sports,825.66,425.96,East,Kolkata,20,Basic,Pending,user24@gmail.com,user24,2024-06-30 17:56:00
1052,2024-11-13,5,Clothing,4336.57,2929.81,South,Pune,19,Premium,Cancelled,user25@gmail.com,user25,2024-12-08 23:51:00
1031,2024-05-16,6,Electronics,1974.45,164.24,West,Hyderabad,30,Basic,Cancelled,user26@gmail.com,user26,2024-04-26 07:01:00
1084,2024-04-08,13,Furniture,1465.15,254.79,East,Kolkata,59,Standard,,user27@gmail.com,user27,2024-06-18 00:07:00
1033,2024-04-01,19,Furniture,287.46,1809.89,East,Kolkata,45,Standard,Completed,user28@gmail.com,user28,2024-05-10 01:45:00
1055,2024-01-01,17,Sports,3465.6,2823.78,South,Kolkata,45,Premium,Cancelled,user29@gmail.com,user29,2024-03-04 23:57:00
1038,2024-09-16,10,Grocery,1698.3,2106.76,South,Hyderabad,44,Standard,,user30@gmail.com,user30,2024-11-11 18:19:00
1051,2024-10-07,1,Furniture,1505.88,1318.17,East,Jaipur,46,Basic,Pending,user31@gmail.com,user31,2024-03-27 21:05:00
1036,2024-09-20,20,Furniture,557.6,2858.4,South,Chennai,32,Premium,Pending,,user32,2024-08-31 19:54:00
1098,2024-02-07,15,Grocery,4442.07,1748.23,West,Jaipur,43,Premium,Pending,user33@gmail.com,,2024-02-24 13:14:00
1022,2024-12-22,17,Grocery,346.07,785.13,North,Jaipur,26,Basic,Cancelled,user34@gmail.com,user34,2024-11-09 23:57:00
1064,2024-08-06,18,Grocery,4496.32,2243.78,West,Jaipur,34,Premium,Cancelled,user35@gmail.com,user35,2024-11-16 07:17:00
1056,2024-02-09,10,Clothing,1431.4,993.14,North,Bengaluru,27,Premium,,user36@gmail.com,user36,2024-02-02 13:26:00
1042,2024-10-04,15,Grocery,405.1,2507.03,West,Bhubaneswar,19,Standard,,user37@gmail.com,user37,2024-06-01 12:54:00
1053,2024-10-02,18,Sports,4499.28,1490.28,East,Pune,49,Premium,,user38@gmail.com,user38,2024-07-26 23:10:00
1059,2024-03-06,20,Sports,232.14,1212.36,North,Mumbai,59,Basic,Pending,user39@gmail.com,user39,2024-05-13 12:20:00
1027,2024-08-20,11,Furniture,3830.03,1168.42,West,Chennai,23,Basic,Completed,user40@gmail.com,user40,2024-06-28 07:41:00
1008,2024-11-29,2,Electronics,4753.1,638.11,North,Bhubaneswar,27,Premium,Pending,user41@gmail.com,user41,2024-04-21 14:44:00
1032,2024-07-07,6,Sports,3075.51,2256.38,North,Bengaluru,37,Premium,Completed,user42@gmail.com,user42,2024-07-11 12:45:00
1025,2024-02-08,19,Clothing,599.32,2328.82,North,Bhubaneswar,20,Basic,,user43@gmail.com,user43,2024-11-27 10:00:00
1053,2024-09-07,4,Grocery,4807.86,1924.98,West,Bengaluru,45,Premium,Cancelled,user44@gmail.com,user44,2024-09-04 14:27:00
1093,2024-10-30,9,Furniture,4273.39,2500.66,North,Chennai,46,Premium,,user45@gmail.com,user45,2024-06-21 00:31:00
1041,2024-04-03,16,Clothing,1838.64,812.14,East,Bhubaneswar,35,Standard,Completed,user46@gmail.com,user46,2024-05-03 23:26:00
1062,2024-10-11,8,Grocery,3264.92,1497.92,North,Mumbai,36,Premium,,user47@gmail.com,user47,2024-10-24 11:30:00
1070,2024-09-28,12,Grocery,4983.49,1673.65,East,Jaipur,35,Basic,Cancelled,user48@gmail.com,user48,2024-06-10 03:47:00
1068,2024-12-19,6,Clothing,1160.28,1478.39,East,Mumbai,30,Basic,Pending,user49@gmail.com,user49,2024-12-28 17:08:00
1035,2024-01-24,2,Sports,1531.47,2835.06,West,Mumbai,18,Standard,Cancelled,user50@gmail.com,user50,2024-04-04 01:16:00
1061,2024-02-28,3,Grocery,2509.56,1752.21,North,Bengaluru,27,Standard,Cancelled,user51@gmail.com,user51,2024-10-12 13:38:00
1076,2024-11-12,8,Sports,1963.85,2730.09,East,Bhubaneswar,45,Basic,Completed,user52@gmail.com,user52,2024-04-16 20:13:00
1033,2024-12-04,3,Clothing,1275.34,1678.38,South,Delhi,44,Basic,,user53@gmail.com,user53,2024-12-27 09:44:00
1058,2024-02-06,8,Furniture,3960.36,1893.92,South,Pune,25,Standard,Pending,user54@gmail.com,user54,2024-03-13 02:03:00
1021,2024-06-06,20,Sports,4613.84,1345.5,West,Chennai,43,Basic,,user55@gmail.com,user55,2024-08-09 23:20:00
1077,2024-05-08,1,Electronics,1221.73,2039.18,North,Chennai,54,Premium,Pending,user56@gmail.com,user56,2024-05-22 05:37:00
1055,2024-11-21,16,Electronics,2403.05,1254.63,East,Mumbai,28,Basic,,user57@gmail.com,user57,2024-07-24 17:02:00
1058,2024-02-15,11,Furniture,1684.04,2912.04,West,Lucknow,18,Standard,,user58@gmail.com,user58,2024-07-04 19:48:00
1063,2024-11-16,15,Electronics,1097.44,1670.2,East,Jaipur,49,Premium,Completed,user59@gmail.com,user59,2024-05-02 22:10:00
1039,2024-10-09,1,Sports,2099.15,712.87,North,Jaipur,25,Standard,Pending,user60@gmail.com,user60,2024-09-17 22:17:00
1053,2024-09-04,16,Clothing,2338.25,476.69,South,Bhubaneswar,50,Standard,Pending,user61@gmail.com,user61,2024-07-31 10:59:00
1100,2024-09-16,9,Electronics,1485.91,930.74,West,Bengaluru,46,Standard,,user62@gmail.com,user62,2024-10-05 12:29:00
1041,2024-04-06,8,Sports,1976.56,2575.24,West,Delhi,38,Standard,,user63@gmail.com,user63,2024-07-16 21:50:00
1083,2024-03-18,16,Electronics,718.61,2897.79,East,Mumbai,46,Premium,,,user64,2024-12-01 04:04:00
1060,2024-05-15,11,Sports,3494.25,1967.02,East,Lucknow,42,Basic,,user65@gmail.com,,2024-02-05 07:40:00
1087,2024-05-27,8,Electronics,2226.46,340.41,North,Jaipur,28,Standard,Cancelled,user66@gmail.com,,2024-01-29 09:22:00
1047,2024-08-08,5,Clothing,2702.71,1719.49,South,Bengaluru,29,Premium,,user67@gmail.com,user67,2024-10-25 04:14:00
1059,2024-11-22,9,Grocery,1351.1,77.72,West,Chennai,52,Premium,Completed,user68@gmail.com,user68,2024-10-27 09:40:00
1054,2024-12-19,9,Grocery,4241.99,637.69,West,Jaipur,24,Premium,,user69@gmail.com,user69,2024-12-24 09:01:00
1084,2024-07-21,9,Electronics,2873.05,2073.11,North,Bhubaneswar,49,Basic,Pending,user70@gmail.com,user70,2024-11-21 06:39:00
1032,2024-12-13,5,Electronics,4526.68,1956.7,East,Jaipur,20,Standard,Cancelled,user71@gmail.com,user71,2024-05-31 10:47:00
1053,2024-03-30,7,Clothing,3953.91,2635.56,East,Lucknow,50,Basic,Pending,user72@gmail.com,user72,2024-09-03 09:47:00
1043,2024-02-28,15,Electronics,789.71,2901.18,West,Lucknow,41,Premium,,,user73,2024-08-20 11:43:00
1095,2024-12-10,9,Sports,1967.02,1933.72,East,Mumbai,32,Basic,Completed,user74@gmail.com,user74,2024-06-16 19:14:00
1082,2024-02-02,15,Furniture,3281.27,394.19,North,Delhi,37,Basic,Completed,user75@gmail.com,user75,2024-03-10 12:29:00
1047,2024-12-09,18,Grocery,2977.97,2193.47,West,Mumbai,49,Standard,,user76@gmail.com,user76,2024-12-19 11:13:00
1056,2024-08-15,8,Furniture,586.84,2072.76,East,Delhi,43,Basic,Pending,user77@gmail.com,user77,2024-08-20 02:42:00
1027,2024-11-24,20,Electronics,347.83,1033.85,South,Bhubaneswar,31,Premium,Pending,user78@gmail.com,user78,2024-04-29 10:49:00
1018,2024-11-01,1,Furniture,4306.19,476.83,South,Lucknow,34,Premium,Completed,user79@gmail.com,,2024-01-08 11:50:00
1100,2024-05-01,19,Furniture,177.33,832.83,South,Pune,51,Premium,Completed,user80@gmail.com,user80,2024-09-19 18:06:00
1057,2024-09-14,8,Sports,312.49,2360.52,East,Jaipur,59,Premium,Completed,user81@gmail.com,user81,2024-08-06 21:06:00
1062,2024-12-30,15,Electronics,4506.41,1000.23,South,Mumbai,26,Basic,Cancelled,user82@gmail.com,user82,2024-05-30 14:32:00
1077,2024-08-08,4,Electronics,4278.68,1970.2,South,Pune,46,Premium,,user83@gmail.com,user83,2024-07-31 23:06:00
1040,2024-08-06,11,Furniture,1934.08,500.28,West,Mumbai,23,Premium,Completed,user84@gmail.com,user84,2024-07-09 04:35:00
1007,2024-10-27,18,Sports,1715.27,410.58,East,Pune,21,Basic,Cancelled,user85@gmail.com,user85,2024-04-18 04:42:00
1061,2024-04-24,4,Furniture,4242.33,1134.31,East,Bhubaneswar,32,Basic,Completed,user86@gmail.com,user86,2024-12-21 08:01:00
1023,2024-05-19,10,Furniture,1820.01,585.15,South,Bhubaneswar,60,Basic,Completed,user87@gmail.com,user87,2024-01-16 02:47:00
1067,2024-04-20,13,Grocery,2322.86,,East,Kolkata,54,Standard,Completed,user88@gmail.com,user88,2024-11-12 01:43:00
1010,2024-05-19,15,Grocery,2479.74,1354.03,East,Hyderabad,50,Premium,Cancelled,user89@gmail.com,user89,2024-12-13 18:31:00
1067,2024-12-07,10,Electronics,1180.54,2954.11,North,Delhi,31,Basic,Pending,user90@gmail.com,user90,2024-05-28 10:07:00
1000,2024-09-11,14,Clothing,733.01,1621.12,South,Lucknow,53,Standard,Cancelled,user91@gmail.com,user91,2024-01-22 13:01:00
1058,2024-02-09,11,Sports,2203.49,1243.05,West,Chennai,25,Basic,Completed,user92@gmail.com,user92,2024-11-12 14:53:00
1088,2024-07-04,3,Grocery,4237.97,767.78,West,Lucknow,23,Basic,Cancelled,user93@gmail.com,user93,2024-03-27 02:32:00
1081,2024-02-28,17,Sports,1050.13,2339.87,East,Bengaluru,33,Premium,Pending,user94@gmail.com,user94,2024-03-19 20:04:00
1022,2024-11-17,16,Grocery,3796.78,2291.64,West,Bhubaneswar,59,Standard,Cancelled,user95@gmail.com,user95,2024-03-18 14:04:00
1060,2024-08-14,10,Furniture,2997.96,1088.23,North,Chennai,47,Basic,Completed,user96@gmail.com,user96,2024-02-09 20:55:00
1011,2024-11-10,20,Sports,1983.96,1761.97,North,Jaipur,54,Standard,Pending,user97@gmail.com,user97,2024-03-18 01:28:00
1013,2024-06-24,3,Sports,3266.02,165.47,West,Jaipur,51,Standard,Pending,user98@gmail.com,user98,2024-07-17 13:49:00
1043,2024-12-13,20,Electronics,3967.21,1959.55,North,Kolkata,24,Standard,,user99@gmail.com,user99,2024-12-02 19:55:00
1019,2024-06-19,3,Sports,3351.7,2754.4,East,Pune,26,Standard,Completed,user100@gmail.com,user100,2024-06-17 04:42:00
1089,2024-12-16,17,Electronics,3265.52,1299.05,East,Delhi,41,Basic,Pending,user101@gmail.com,user101,2024-09-05 06:14:00
1017,2024-03-20,3,Furniture,4237.7,348.37,North,Kolkata,57,Premium,,user102@gmail.com,user102,2024-12-20 19:51:00
1021,2024-08-12,2,Grocery,1885.07,2172.78,West,Bhubaneswar,36,Standard,,user103@gmail.com,user103,2024-08-28 06:23:00
1086,2024-10-19,15,Grocery,3870.25,2345.47,West,Bengaluru,30,Standard,Pending,user104@gmail.com,user104,2024-09-03 11:35:00
1013,2024-12-30,17,Electronics,1496.81,2301.19,East,Jaipur,50,Premium,,user105@gmail.com,user105,2024-08-18 11:59:00
1003,2024-07-31,2,Grocery,2559.83,745.55,North,Kolkata,32,Premium,Cancelled,user106@gmail.com,user106,2024-11-28 10:50:00
1018,2024-03-11,2,Furniture,4595.24,1443.74,South,Jaipur,46,Standard,Completed,user107@gmail.com,,2024-04-20 04:35:00
1093,2024-11-07,17,Grocery,644.82,899.9,East,Mumbai,21,Premium,,user108@gmail.com,user108,2024-02-02 03:53:00
1063,2024-11-01,18,Electronics,3196.58,1746.39,South,Chennai,45,Premium,Cancelled,user109@gmail.com,user109,2024-12-06 21:05:00
1067,2024-07-03,3,Sports,2766.0,2369.92,North,Pune,48,Premium,,user110@gmail.com,user110,2024-01-09 11:50:00
1008,2024-06-25,8,Electronics,3880.36,2218.8,East,Bengaluru,20,Basic,Cancelled,user111@gmail.com,user111,2024-12-16 14:44:00
1061,2024-11-19,6,Clothing,409.19,2339.76,West,Delhi,36,Premium,Completed,user112@gmail.com,user112,2024-06-10 09:32:00
1050,2024-10-05,16,Furniture,279.44,1958.36,East,Kolkata,21,Standard,Cancelled,user113@gmail.com,user113,2024-08-11 12:47:00
1056,2024-07-16,11,Clothing,2531.4,1517.69,East,Mumbai,45,Premium,,user114@gmail.com,user114,2024-10-06 09:20:00
1013,2024-02-10,11,Furniture,1601.83,1827.73,West,Bengaluru,46,Basic,,,user115,2024-06-29 19:27:00
1035,2024-11-23,2,Electronics,3388.8,1248.32,South,Delhi,27,Standard,,,user116,2024-11-26 11:23:00
1049,2024-10-17,2,Sports,851.85,1377.27,East,Kolkata,46,Premium,Pending,user117@gmail.com,user117,2024-11-28 08:15:00
1014,2024-01-14,6,Grocery,2636.95,2744.95,North,Chennai,34,Standard,,user118@gmail.com,user118,2024-12-21 15:12:00
1015,2024-03-10,3,Grocery,946.02,2154.44,North,Kolkata,60,Basic,Completed,user119@gmail.com,user119,2024-06-02 05:45:00
1090,2024-12-24,6,Furniture,2592.9,408.02,South,Bengaluru,33,Basic,Completed,user120@gmail.com,user120,2024-08-27 17:08:00
1078,2024-02-14,3,Furniture,2050.98,2164.95,West,Lucknow,44,Basic,Completed,user121@gmail.com,user121,2024-02-07 14:29:00
1087,2024-09-21,12,Clothing,4402.0,,South,Bengaluru,45,Standard,Completed,user122@gmail.com,user122,2024-06-04 05:10:00
1041,2024-12-29,8,Furniture,4742.67,1580.75,East,Mumbai,34,Premium,Cancelled,user123@gmail.com,user123,2024-09-30 02:32:00
1082,2024-03-27,19,Sports,855.55,1993.26,East,Bhubaneswar,20,Premium,Completed,,user124,2024-10-22 08:41:00
1026,2024-10-19,14,Sports,3231.06,1519.21,East,Chennai,48,Premium,,user125@gmail.com,user125,2024-01-31 05:28:00
1053,2024-09-04,15,Clothing,1766.94,473.82,East,Kolkata,43,Premium,Cancelled,user126@gmail.com,user126,2024-05-03 14:07:00
1034,2024-08-18,8,Clothing,574.38,906.13,West,Bhubaneswar,44,Premium,Pending,user127@gmail.com,user127,2024-06-09 06:48:00
1020,2024-09-12,17,Grocery,2543.92,960.19,North,Mumbai,43,Standard,,user128@gmail.com,user128,2024-06-29 01:03:00
1036,2024-09-10,20,Grocery,1500.17,74.12,North,Pune,26,Basic,Cancelled,user129@gmail.com,user129,2024-07-24 01:36:00
1071,2024-04-09,12,Sports,1514.15,1189.73,West,Lucknow,35,Standard,Completed,user130@gmail.com,user130,2024-07-10 10:35:00
1046,2024-03-14,7,Sports,2594.7,1525.23,North,Delhi,26,Standard,Cancelled,user131@gmail.com,user131,2024-03-17 19:57:00
1065,2024-03-12,11,Sports,1660.8,1209.22,East,Bhubaneswar,39,Standard,,user132@gmail.com,user132,2024-01-09 11:21:00
1086,2024-02-26,14,Sports,1607.62,2701.36,North,Bhubaneswar,48,Basic,Pending,user133@gmail.com,user133,2024-03-28 16:40:00
1092,2024-11-13,13,Clothing,4126.14,,North,Hyderabad,19,Basic,Cancelled,user134@gmail.com,user134,2024-04-14 13:32:00
1099,2024-11-09,16,Electronics,3558.3,1580.12,East,Jaipur,51,Basic,Cancelled,user135@gmail.com,user135,2024-09-29 10:34:00
1045,2024-12-12,9,Sports,2472.48,2874.15,East,Lucknow,37,Premium,Cancelled,user136@gmail.com,user136,2024-12-19 22:31:00
1040,2024-09-02,12,Sports,4675.13,2396.45,East,Chennai,25,Standard,,user137@gmail.com,user137,2024-06-25 04:18:00
1005,2024-05-27,3,Furniture,4627.65,1985.12,West,Hyderabad,30,Standard,Cancelled,user138@gmail.com,user138,2024-03-11 03:39:00
1094,2024-10-27,8,Clothing,348.75,2720.29,South,Hyderabad,21,Premium,,user139@gmail.com,user139,2024-12-14 04:00:00
1070,2024-03-21,14,Grocery,2439.5,638.4,East,Kolkata,36,Standard,Completed,user140@gmail.com,user140,2024-10-20 07:34:00
1094,2024-01-20,6,Grocery,4423.0,568.58,North,Pune,49,Premium,Cancelled,user141@gmail.com,,2024-10-17 19:06:00
1042,2024-05-25,15,Sports,2669.16,2673.32,South,Lucknow,47,Basic,Pending,user142@gmail.com,user142,2024-08-22 20:16:00
1091,2024-04-05,1,Furniture,3974.76,1724.95,South,Bengaluru,57,Standard,,user143@gmail.com,user143,2024-02-14 12:42:00
1012,2024-04-04,5,Grocery,1685.65,781.74,East,Pune,33,Basic,Cancelled,user144@gmail.com,user144,2024-10-20 00:16:00
1083,2024-07-03,8,Electronics,3372.15,1422.92,South,Pune,50,Standard,Cancelled,user145@gmail.com,user145,2024-05-31 11:39:00
1028,2024-04-22,5,Grocery,850.61,2255.82,East,Pune,53,Basic,Pending,user146@gmail.com,user146,2024-11-01 02:33:00
1057,2024-09-27,12,Electronics,4594.5,381.02,South,Bhubaneswar,52,Premium,Pending,user147@gmail.com,user147,2024-02-29 21:13:00
1091,2024-10-25,16,Electronics,4504.56,1364.17,North,Jaipur,26,Standard,,user148@gmail.com,user148,2024-08-24 21:51:00
1039,2024-01-12,13,Furniture,4100.62,2250.12,North,Delhi,45,Basic,Completed,user149@gmail.com,user149,2024-02-05 15:02:00
1036,2024-07-28,6,Clothing,3852.56,2936.08,West,Kolkata,42,Basic,,user150@gmail.com,user150,2024-12-04 17:08:00
1083,2024-06-27,4,Clothing,4964.95,1209.52,South,Hyderabad,18,Premium,Cancelled,user151@gmail.com,user151,2024-08-05 17:24:00
1029,2024-05-06,15,Furniture,860.09,606.02,North,Delhi,60,Basic,Completed,user152@gmail.com,user152,2024-10-31 01:28:00
1076,2024-12-10,2,Clothing,3728.65,1236.68,South,Lucknow,31,Premium,Pending,user153@gmail.com,user153,2024-10-21 10:36:00
1076,2024-12-10,11,Clothing,1578.65,472.62,South,Pune,37,Basic,Completed,user154@gmail.com,user154,2024-03-30 20:43:00
1054,2024-10-11,16,Electronics,4864.22,2827.68,West,Lucknow,38,Standard,,user155@gmail.com,user155,2024-04-04 17:30:00
1030,2024-04-25,10,Clothing,4048.3,2748.49,West,Pune,53,Standard,Pending,user156@gmail.com,user156,2024-06-18 20:05:00
1057,2024-07-08,3,Sports,3650.47,611.92,East,Pune,56,Standard,Completed,user157@gmail.com,user157,2024-10-27 23:42:00
1071,2024-04-21,16,Clothing,4360.42,1032.24,North,Hyderabad,30,Standard,Completed,user158@gmail.com,user158,2024-05-04 22:38:00
1090,2024-04-14,13,Clothing,2805.19,2337.77,West,Jaipur,52,Standard,Cancelled,user159@gmail.com,user159,2024-09-11 14:06:00
1092,2024-08-28,11,Clothing,1916.45,1271.09,South,Bengaluru,19,Basic,,user160@gmail.com,user160,2024-04-27 12:36:00
1031,2024-09-12,18,Furniture,1360.9,2473.7,West,Jaipur,28,Standard,Cancelled,user161@gmail.com,user161,2024-09-07 05:58:00
1069,2024-11-24,2,Sports,265.74,2547.76,North,Delhi,44,Premium,Pending,user162@gmail.com,user162,2024-04-21 16:29:00
1047,2024-01-31,20,Sports,4572.48,1994.89,North,Delhi,52,Standard,,,user163,2024-05-20 17:18:00
1002,2024-09-14,14,Clothing,624.38,334.13,South,Hyderabad,30,Standard,Cancelled,user164@gmail.com,user164,2024-07-22 02:23:00
1051,2024-08-23,19,Clothing,4952.14,716.28,North,Delhi,23,Basic,,user165@gmail.com,user165,2024-11-22 00:44:00
1021,2024-02-12,16,Grocery,3260.05,1027.25,North,Lucknow,20,Premium,Pending,user166@gmail.com,user166,2024-10-17 15:17:00
1005,2024-02-08,9,Sports,2861.2,147.06,East,Delhi,31,Standard,Pending,user167@gmail.com,user167,2024-07-22 02:19:00
1020,2024-10-15,8,Sports,4189.79,1198.01,East,Pune,26,Standard,Completed,user168@gmail.com,user168,2024-01-28 03:27:00
1029,2024-02-08,11,Sports,3868.13,2866.83,West,Kolkata,19,Standard,Cancelled,user169@gmail.com,user169,2024-04-26 11:35:00
1048,2024-08-09,6,Sports,3337.29,302.8,East,Hyderabad,22,Premium,Cancelled,user170@gmail.com,user170,2024-11-20 04:47:00
1049,2024-06-11,12,Electronics,548.45,2831.73,West,Kolkata,35,Premium,Pending,user171@gmail.com,user171,2024-10-12 17:32:00
1052,2024-02-22,1,Electronics,1834.18,324.54,East,Pune,18,Basic,,user172@gmail.com,user172,2024-10-13 07:36:00
1066,2024-03-27,13,Clothing,780.32,938.34,West,Bengaluru,22,Premium,,user173@gmail.com,user173,2024-02-09 11:16:00
1031,2024-11-16,16,Sports,3121.68,1400.69,South,Chennai,18,Basic,Cancelled,user174@gmail.com,user174,2024-06-17 14:21:00
1055,2024-11-29,20,Clothing,1572.13,1829.47,South,Jaipur,38,Premium,,user175@gmail.com,user175,2024-12-21 20:31:00
1073,2024-05-04,11,Grocery,1473.47,2368.31,East,Mumbai,54,Premium,Pending,user176@gmail.com,user176,2024-08-24 22:13:00
1056,2024-05-29,3,Grocery,3397.59,460.58,East,Hyderabad,34,Standard,Pending,user177@gmail.com,user177,2024-02-07 14:38:00
1061,2024-10-25,13,Sports,2582.4,2765.16,West,Lucknow,20,Basic,Completed,user178@gmail.com,user178,2024-12-06 11:10:00
1082,2024-11-09,2,Sports,4919.68,2048.54,West,Kolkata,45,Premium,Completed,user179@gmail.com,user179,2024-09-22 17:37:00
1088,2024-10-21,8,Grocery,1933.19,1416.04,South,Kolkata,19,Basic,Completed,user180@gmail.com,user180,2024-02-13 03:53:00
1093,2024-03-13,12,Furniture,1781.03,2363.6,West,Kolkata,48,Premium,,user181@gmail.com,user181,2024-02-04 09:02:00
1090,2024-02-28,1,Furniture,3275.05,2047.56,South,Hyderabad,51,Premium,Pending,user182@gmail.com,user182,2024-08-24 07:51:00
1051,2024-11-18,6,Clothing,3238.35,1324.8,North,Bhubaneswar,30,Basic,,user183@gmail.com,user183,2024-04-15 08:48:00
1090,2024-02-02,19,Electronics,4017.56,1633.82,East,Kolkata,30,Basic,Completed,user184@gmail.com,user184,2024-09-27 20:20:00
1076,2024-07-17,20,Grocery,2976.32,1076.38,West,Bhubaneswar,29,Standard,Cancelled,user185@gmail.com,user185,2024-12-10 04:20:00
1015,2024-05-02,10,Electronics,996.92,2095.64,West,Pune,56,Premium,,user186@gmail.com,user186,2024-10-02 22:58:00
1082,2024-03-29,18,Clothing,2499.25,463.87,East,Jaipur,57,Premium,Cancelled,user187@gmail.com,user187,2024-04-09 12:35:00
1064,2024-11-30,16,Grocery,3455.01,1276.11,West,Jaipur,28,Premium,Completed,user188@gmail.com,user188,2024-01-17 08:14:00
1068,2024-05-27,6,Grocery,2871.69,2329.02,West,Lucknow,50,Premium,Completed,user189@gmail.com,user189,2024-07-06 17:52:00
1096,2024-01-22,15,Sports,1170.86,1304.21,South,Chennai,20,Basic,Cancelled,user190@gmail.com,user190,2024-08-12 03:49:00
1030,2024-04-17,19,Furniture,4319.14,1850.27,West,Bengaluru,57,Premium,Pending,user191@gmail.com,user191,2024-10-18 11:34:00
1035,2024-11-01,18,Clothing,1685.9,2126.96,East,Bhubaneswar,35,Standard,Completed,user192@gmail.com,user192,2024-07-29 01:17:00
1083,2024-03-05,5,Clothing,816.59,1000.19,South,Pune,49,Premium,Cancelled,user193@gmail.com,user193,2024-02-08 20:50:00
1098,2024-02-17,13,Sports,3774.03,,East,Jaipur,49,Basic,Completed,user194@gmail.com,user194,2024-02-17 23:29:00
1081,2024-12-06,12,Electronics,3998.82,1223.26,West,Hyderabad,49,Basic,Cancelled,user195@gmail.com,user195,2024-10-22 04:36:00
1062,2024-06-24,2,Electronics,587.92,,West,Delhi,25,Premium,,user196@gmail.com,user196,2024-08-07 06:44:00
1016,2024-11-28,10,Clothing,4384.67,2635.96,North,Kolkata,34,Premium,Cancelled,user197@gmail.com,user197,2024-01-27 12:40:00
1039,2024-12-24,8,Grocery,3311.88,2125.91,North,Hyderabad,48,Premium,Pending,user198@gmail.com,user198,2024-08-15 00:00:00
1089,2024-06-24,4,Grocery,3500.75,1459.22,South,Pune,23,Standard,Completed,user199@gmail.com,user199,2024-06-02 04:24:00
1099,2024-03-09,5,Electronics,2699.49,75.0,South,Jaipur,40,Standard,Pending,user200@gmail.com,user200,2024-07-29 19:43:00
1056,2024-04-21,3,Electronics,786.06,413.31,West,Kolkata,45,Basic,Pending,user201@gmail.com,user201,2024-05-07 17:38:00
1076,2024-11-07,10,Electronics,4254.67,1992.3,East,Hyderabad,51,Standard,Pending,user202@gmail.com,user202,2024-01-28 07:31:00
1049,2024-02-27,8,Grocery,3226.6,259.49,North,Kolkata,38,Premium,,user203@gmail.com,user203,2024-07-06 17:43:00
1022,2024-08-29,3,Electronics,2978.08,90.69,South,Delhi,21,Basic,Cancelled,user204@gmail.com,user204,2024-07-31 13:44:00
1051,2024-02-12,18,Sports,3118.63,868.53,East,Mumbai,50,Premium,Pending,user205@gmail.com,user205,2024-11-20 20:43:00
1082,2024-02-03,10,Grocery,3676.8,2547.08,North,Hyderabad,23,Basic,Completed,user206@gmail.com,user206,2024-06-07 21:47:00
1084,2024-03-30,4,Electronics,3568.71,2119.42,South,Jaipur,40,Standard,Cancelled,user207@gmail.com,user207,2024-05-17 23:56:00
1015,2024-01-16,11,Grocery,1432.7,238.42,North,Jaipur,47,Standard,Cancelled,user208@gmail.com,user208,2024-03-26 11:10:00
1032,2024-02-22,19,Electronics,1219.18,,North,Delhi,33,Premium,,user209@gmail.com,user209,2024-04-01 01:35:00
1091,2024-12-01,14,Clothing,1676.83,1277.96,East,Chennai,22,Standard,Cancelled,user210@gmail.com,user210,2024-01-27 05:14:00
1066,2024-01-24,13,Electronics,4397.26,2604.8,East,Kolkata,23,Standard,,,user211,2024-10-15 09:47:00
1079,2024-05-04,15,Furniture,2999.29,,South,Lucknow,33,Premium,Completed,user212@gmail.com,,2024-10-04 11:40:00
1088,2024-01-05,11,Electronics,3818.75,1160.01,East,Mumbai,31,Standard,Pending,user213@gmail.com,user213,2024-03-13 22:17:00
1011,2024-01-23,8,Sports,2123.98,2691.95,West,Mumbai,55,Premium,Pending,user214@gmail.com,user214,2024-10-30 18:03:00
1055,2024-12-05,5,Clothing,1529.21,2560.2,West,Kolkata,38,Basic,Cancelled,user215@gmail.com,user215,2024-03-10 18:06:00
1019,2024-02-24,6,Grocery,2383.67,1249.21,East,Hyderabad,46,Basic,,user216@gmail.com,user216,2024-03-21 21:19:00
1090,2024-12-22,20,Electronics,1153.6,2576.89,South,Mumbai,33,Basic,,user217@gmail.com,user217,2024-05-13 05:01:00
1051,2024-08-19,18,Sports,1324.28,1413.03,South,Mumbai,18,Premium,Pending,user218@gmail.com,user218,2024-07-09 21:40:00
1082,2024-02-13,19,Sports,1368.22,2447.6,North,Mumbai,30,Standard,,user219@gmail.com,user219,2024-06-18 03:02:00
1059,2024-01-26,6,Sports,2222.47,2187.07,West,Delhi,42,Standard,,user220@gmail.com,user220,2024-04-05 08:17:00
1057,2024-03-17,2,Sports,3133.97,,East,Jaipur,44,Standard,,user221@gmail.com,user221,2024-03-11 13:12:00
1082,2024-09-26,8,Sports,3994.75,2968.74,East,Jaipur,52,Basic,Cancelled,user222@gmail.com,user222,2024-07-17 08:11:00
1003,2024-06-12,20,Clothing,243.59,2441.53,East,Delhi,48,Standard,Cancelled,user223@gmail.com,user223,2024-03-22 03:15:00
1084,2024-05-03,9,Sports,4099.8,2755.92,North,Hyderabad,54,Basic,Cancelled,user224@gmail.com,user224,2024-03-29 05:15:00
1075,2024-06-11,12,Sports,238.21,2116.65,South,Bhubaneswar,30,Basic,Cancelled,user225@gmail.com,,2024-01-29 07:38:00
1028,2024-01-11,17,Grocery,103.35,2757.79,South,Bengaluru,39,Standard,Pending,user226@gmail.com,user226,2024-06-14 01:01:00
1018,2024-10-27,5,Electronics,4247.76,2588.97,North,Kolkata,60,Basic,Completed,user227@gmail.com,user227,2024-03-21 23:27:00
1081,2024-09-06,11,Clothing,3565.2,1707.83,East,Hyderabad,60,Standard,Pending,user228@gmail.com,user228,2024-05-30 04:11:00
1093,2024-01-01,19,Grocery,4268.71,2323.95,North,Bengaluru,56,Basic,Pending,user229@gmail.com,user229,2024-09-11 04:21:00
1095,2024-02-09,8,Furniture,4913.66,,North,Kolkata,46,Premium,Cancelled,user230@gmail.com,user230,2024-06-28 08:50:00
1013,2024-01-01,2,Grocery,2247.28,1287.98,South,Pune,49,Basic,Cancelled,user231@gmail.com,user231,2024-09-02 18:41:00
1097,2024-12-17,8,Clothing,2311.31,2407.62,North,Chennai,19,Basic,Cancelled,user232@gmail.com,user232,2024-03-28 12:10:00
1093,2024-02-08,18,Electronics,1755.96,2956.56,West,Delhi,45,Standard,Pending,user233@gmail.com,user233,2024-01-28 03:21:00
1026,2024-04-07,14,Sports,3637.99,2203.42,East,Chennai,37,Premium,Completed,,user234,2024-09-08 04:03:00
1046,2024-01-02,14,Electronics,1543.29,2002.96,West,Hyderabad,24,Premium,Pending,user235@gmail.com,user235,2024-02-11 15:54:00
1014,2024-06-06,13,Grocery,2496.57,2000.07,North,Lucknow,42,Premium,Cancelled,user236@gmail.com,user236,2024-08-16 01:16:00
1056,2024-08-26,9,Clothing,4201.69,1714.53,South,Mumbai,23,Standard,Cancelled,user237@gmail.com,user237,2024-10-28 07:35:00
1007,2024-07-17,17,Grocery,4831.58,2076.85,West,Bhubaneswar,33,Basic,Cancelled,user238@gmail.com,user238,2024-12-31 01:32:00
1073,2024-09-21,19,Sports,822.49,2850.3,West,Bengaluru,28,Premium,Pending,user239@gmail.com,user239,2024-12-15 13:12:00
1080,2024-03-16,20,Furniture,1666.77,2194.95,North,Mumbai,42,Standard,,user240@gmail.com,user240,2024-09-23 14:58:00
1001,2024-12-24,20,Sports,2660.55,1287.8,West,Bengaluru,27,Standard,Completed,user241@gmail.com,user241,2024-02-21 09:55:00
1068,2024-06-25,14,Furniture,1976.91,1482.48,West,Delhi,29,Basic,,user242@gmail.com,user242,2024-12-21 12:02:00
1050,2024-06-18,8,Electronics,3754.17,2766.46,East,Delhi,39,Basic,Cancelled,user243@gmail.com,user243,2024-12-22 21:06:00
1029,2024-03-09,10,Grocery,3892.75,996.56,West,Bhubaneswar,59,Premium,Pending,user244@gmail.com,user244,2024-07-27 23:31:00
1097,2024-09-21,12,Electronics,2624.82,518.97,East,Lucknow,43,Premium,Completed,user245@gmail.com,user245,2024-04-12 01:15:00
1004,2024-08-21,2,Furniture,3552.71,858.23,West,Lucknow,43,Standard,Completed,user246@gmail.com,user246,2024-09-07 19:28:00
1022,2024-08-30,19,Sports,1813.82,532.37,East,Mumbai,36,Premium,,,user247,2024-04-19 07:41:00
1028,2024-12-12,7,Furniture,3292.78,1564.18,North,Jaipur,26,Standard,Pending,user248@gmail.com,,2024-05-09 19:51:00
1039,2024-12-30,9,Grocery,4487.87,2562.18,West,Chennai,31,Basic,Cancelled,user249@gmail.com,user249,2024-07-22 18:06:00
1000,2024-09-18,12,Sports,3271.98,1846.7,East,Mumbai,48,Premium,Cancelled,user250@gmail.com,user250,2024-05-21 08:41:00
1091,2024-11-29,10,Clothing,834.65,2308.15,North,Bhubaneswar,43,Standard,Cancelled,user251@gmail.com,user251,2024-12-01 15:18:00
1033,2024-08-02,13,Grocery,3709.99,1769.92,South,Kolkata,32,Standard,,user252@gmail.com,user252,2024-09-16 09:54:00
1021,2024-12-02,18,Clothing,1539.54,1438.8,East,Lucknow,29,Standard,Cancelled,user253@gmail.com,user253,2024-04-24 23:55:00
1039,2024-08-03,11,Furniture,1376.74,917.45,North,Jaipur,21,Standard,Completed,user254@gmail.com,user254,2024-03-02 21:24:00
1067,2024-06-01,14,Electronics,4367.16,494.8,South,Kolkata,44,Standard,,user255@gmail.com,user255,2024-04-02 02:31:00
1042,2024-11-19,6,Furniture,3209.04,63.9,East,Hyderabad,28,Standard,Pending,user256@gmail.com,user256,2024-02-15 04:39:00
1055,2024-11-20,14,Grocery,2202.22,1458.33,North,Delhi,52,Premium,Cancelled,user257@gmail.com,user257,2024-09-28 06:01:00
1086,2024-01-03,8,Clothing,3498.27,1065.83,South,Mumbai,42,Standard,Cancelled,user258@gmail.com,user258,2024-06-01 09:29:00
1093,2024-09-23,20,Sports,1755.39,2669.52,South,Kolkata,49,Basic,Pending,user259@gmail.com,user259,2024-07-25 00:14:00
1028,2024-03-08,7,Electronics,2989.49,548.5,East,Delhi,42,Standard,Cancelled,user260@gmail.com,user260,2024-10-31 01:42:00
1013,2024-11-30,1,Electronics,3479.77,1279.49,West,Mumbai,53,Basic,,user261@gmail.com,user261,2024-12-17 20:00:00
1038,2024-08-03,4,Sports,1422.89,1836.62,South,Pune,24,Standard,Completed,user262@gmail.com,user262,2024-09-11 06:38:00
1025,2024-05-14,17,Clothing,1853.82,1258.78,South,Delhi,53,Basic,Pending,user263@gmail.com,user263,2024-04-30 00:00:00
1085,2024-02-15,4,Sports,3378.21,489.98,North,Lucknow,22,Standard,Completed,user264@gmail.com,user264,2024-08-21 09:16:00
1059,2024-01-26,4,Clothing,4383.29,2564.13,East,Kolkata,45,Standard,Completed,user265@gmail.com,user265,2024-01-24 00:54:00
1017,2024-12-05,6,Furniture,1851.88,1341.26,East,Mumbai,41,Basic,Pending,user266@gmail.com,user266,2024-08-21 08:53:00
1049,2024-12-19,16,Grocery,3279.35,2400.88,North,Bengaluru,21,Premium,Completed,user267@gmail.com,user267,2024-10-18 21:28:00
1023,2024-11-08,13,Furniture,3095.66,2594.6,South,Jaipur,49,Premium,,user268@gmail.com,user268,2024-12-01 10:00:00
1090,2024-12-13,17,Sports,3646.49,710.76,East,Lucknow,51,Standard,Completed,user269@gmail.com,user269,2024-09-03 11:42:00
1086,2024-11-24,13,Clothing,4211.26,1697.12,North,Delhi,59,Premium,,user270@gmail.com,user270,2024-02-08 15:20:00
1030,2024-06-18,9,Electronics,2583.95,1673.96,West,Pune,33,Premium,,user271@gmail.com,user271,2024-02-15 15:28:00
1040,2024-03-01,16,Electronics,602.95,1266.4,North,Mumbai,56,Standard,Cancelled,user272@gmail.com,user272,2024-12-01 21:29:00
1043,2024-07-05,2,Clothing,4237.16,,West,Kolkata,46,Premium,Completed,user273@gmail.com,user273,2024-06-23 11:53:00
1081,2024-05-29,18,Sports,1932.06,363.65,South,Jaipur,26,Standard,,user274@gmail.com,user274,2024-04-06 03:59:00
1050,2024-04-20,15,Clothing,3612.26,367.91,West,Delhi,58,Standard,Completed,user275@gmail.com,user275,2024-12-03 18:32:00
1017,2024-09-12,1,Sports,3707.45,1682.02,West,Bhubaneswar,48,Standard,Pending,user276@gmail.com,user276,2024-03-06 03:24:00
1084,2024-11-03,20,Furniture,2570.14,1184.75,South,Chennai,43,Basic,Cancelled,user277@gmail.com,user277,2024-07-30 19:44:00
1095,2024-09-19,10,Sports,4317.47,2150.03,South,Hyderabad,31,Standard,Cancelled,user278@gmail.com,user278,2024-03-08 22:41:00
1022,2024-09-14,18,Furniture,3580.73,2294.29,West,Bhubaneswar,54,Standard,,user279@gmail.com,user279,2024-09-30 09:56:00
1054,2024-01-07,17,Electronics,223.83,478.71,North,Hyderabad,35,Premium,Cancelled,user280@gmail.com,user280,2024-02-01 22:50:00
1037,2024-04-14,18,Electronics,1857.54,1385.15,South,Lucknow,42,Premium,Cancelled,user281@gmail.com,,2024-07-14 12:26:00
1100,2024-12-16,11,Sports,363.63,2243.83,South,Bhubaneswar,46,Premium,Cancelled,user282@gmail.com,user282,2024-11-04 06:49:00
1092,2024-04-09,10,Grocery,969.39,2063.84,South,Bengaluru,50,Premium,,,user283,2024-05-15 04:10:00
1074,2024-05-10,1,Furniture,2385.02,2815.61,North,Bengaluru,38,Standard,Completed,user284@gmail.com,user284,2024-12-04 09:31:00
1073,2024-10-08,12,Electronics,3941.75,987.68,South,Bengaluru,51,Premium,Pending,user285@gmail.com,user285,2024-02-17 11:14:00
1027,2024-12-05,11,Furniture,1867.91,694.41,West,Lucknow,59,Premium,Completed,user286@gmail.com,user286,2024-11-24 19:58:00
1079,2024-05-04,2,Furniture,1968.73,2398.81,North,Pune,34,Standard,Cancelled,,user287,2024-07-10 16:51:00
1065,2024-08-16,16,Electronics,1552.53,1972.01,East,Lucknow,23,Premium,Pending,user288@gmail.com,user288,2024-09-30 00:40:00
1008,2024-04-17,7,Grocery,4194.76,656.46,West,Mumbai,27,Premium,,user289@gmail.com,,2024-02-07 01:11:00
1032,2024-10-12,3,Sports,4125.93,,West,Pune,46,Standard,,user290@gmail.com,,2024-12-10 03:34:00
1000,2024-11-24,20,Electronics,3804.21,1777.54,North,Kolkata,50,Premium,Cancelled,user291@gmail.com,user291,2024-02-14 09:48:00
1056,2024-07-14,13,Electronics,2422.54,1623.73,South,Pune,52,Basic,Pending,user292@gmail.com,user292,2024-11-27 11:00:00
1070,2024-10-11,5,Electronics,304.69,1739.52,West,Lucknow,53,Premium,Cancelled,user293@gmail.com,user293,2024-06-25 06:26:00
1082,2024-09-19,5,Clothing,1001.56,1869.81,East,Hyderabad,25,Premium,Completed,user294@gmail.com,user294,2024-10-08 14:41:00
1070,2024-02-07,10,Electronics,1328.37,,West,Kolkata,40,Premium,Pending,user295@gmail.com,user295,2024-04-09 10:31:00
1057,2024-06-17,20,Furniture,3497.94,499.57,East,Kolkata,45,Premium,Completed,user296@gmail.com,user296,2024-12-30 23:41:00
1055,2024-05-21,12,Clothing,3429.94,1028.11,West,Jaipur,46,Basic,Cancelled,user297@gmail.com,user297,2024-11-26 19:05:00
1035,2024-03-12,18,Clothing,1389.85,2664.69,North,Mumbai,19,Standard,Completed,user298@gmail.com,user298,2024-10-29 06:58:00
1004,2024-10-09,9,Sports,4480.53,1642.05,South,Kolkata,43,Premium,Cancelled,user299@gmail.com,user299,2024-02-16 12:23:00
1064,2024-01-06,8,Sports,3452.39,2283.76,South,Jaipur,28,Premium,Pending,user300@gmail.com,user300,2024-07-02 01:14:00
1097,2024-09-06,8,Electronics,1395.35,740.36,South,Lucknow,41,Basic,,user301@gmail.com,user301,2024-01-21 20:20:00
1013,2024-12-26,17,Furniture,4190.87,826.78,South,Pune,59,Basic,Cancelled,user302@gmail.com,user302,2024-02-09 16:16:00
1048,2024-04-24,17,Grocery,1829.2,2609.77,West,Jaipur,56,Premium,Pending,user303@gmail.com,user303,2024-09-20 20:17:00
1027,2024-03-17,6,Clothing,1874.89,2166.04,North,Hyderabad,44,Basic,Completed,user304@gmail.com,user304,2024-04-17 18:10:00
1082,2024-07-29,1,Clothing,311.41,1741.79,South,Bengaluru,58,Standard,Completed,user305@gmail.com,user305,2024-03-26 08:59:00
1023,2024-09-21,13,Sports,4849.29,1930.99,East,Mumbai,31,Basic,,user306@gmail.com,user306,2024-07-29 19:09:00
1074,2024-04-03,20,Sports,1396.15,2186.35,East,Jaipur,56,Standard,Completed,user307@gmail.com,user307,2024-02-25 00:12:00
1066,2024-09-15,14,Clothing,3067.0,573.4,North,Lucknow,50,Premium,Completed,user308@gmail.com,user308,2024-11-04 17:52:00
1000,2024-12-13,14,Sports,2161.35,2630.73,West,Hyderabad,48,Basic,Cancelled,user309@gmail.com,user309,2024-12-22 18:06:00
1054,2024-03-09,9,Grocery,3852.71,2734.75,North,Chennai,56,Standard,,user310@gmail.com,,2024-01-04 18:33:00
1015,2024-09-23,1,Grocery,3307.28,2078.91,East,Pune,41,Premium,Pending,user311@gmail.com,user311,2024-05-13 17:27:00
1072,2024-07-06,20,Furniture,4959.81,1222.49,South,Pune,53,Standard,,user312@gmail.com,user312,2024-09-04 08:19:00
1073,2024-06-25,13,Clothing,4289.49,1994.88,South,Jaipur,28,Premium,Pending,user313@gmail.com,user313,2024-10-08 19:44:00
1087,2024-12-27,2,Clothing,2006.61,1925.84,North,Bengaluru,48,Standard,,user314@gmail.com,user314,2024-07-08 02:38:00
1004,2024-07-15,13,Sports,3315.26,895.08,North,Bengaluru,58,Basic,,,user315,2024-09-22 09:12:00
1004,2024-11-02,17,Sports,3522.4,1864.81,North,Kolkata,33,Standard,Completed,user316@gmail.com,user316,2024-05-21 12:22:00
1085,2024-07-21,13,Sports,1081.52,95.33,North,Mumbai,53,Basic,Cancelled,user317@gmail.com,user317,2024-04-25 19:12:00
1058,2024-07-25,19,Electronics,1379.43,1251.05,North,Lucknow,22,Standard,Cancelled,user318@gmail.com,user318,2024-09-19 08:56:00
1068,2024-10-21,9,Grocery,4833.67,1711.35,South,Kolkata,47,Standard,,user319@gmail.com,user319,2024-09-03 03:16:00
1008,2024-07-14,8,Clothing,4020.79,1266.66,East,Lucknow,52,Premium,Cancelled,user320@gmail.com,user320,2024-12-10 23:52:00
1043,2024-02-08,18,Clothing,2435.12,1092.94,East,Bengaluru,30,Basic,Pending,user321@gmail.com,user321,2024-05-15 06:14:00
1025,2024-05-07,20,Furniture,864.38,364.73,North,Jaipur,57,Premium,Completed,user322@gmail.com,user322,2024-06-10 15:57:00
1073,2024-05-20,16,Clothing,4923.53,2752.22,East,Pune,32,Standard,Pending,user323@gmail.com,user323,2024-09-01 17:02:00
1064,2024-06-26,13,Clothing,2340.26,405.09,West,Kolkata,18,Premium,Pending,user324@gmail.com,user324,2024-07-04 19:55:00
1033,2024-04-05,18,Furniture,1261.98,1440.47,East,Kolkata,29,Basic,,user325@gmail.com,user325,2024-07-09 11:54:00
1051,2024-05-23,15,Clothing,2899.91,2938.85,South,Mumbai,35,Premium,,user326@gmail.com,user326,2024-03-17 15:51:00
1001,2024-03-31,14,Grocery,758.91,2685.15,East,Jaipur,37,Basic,Completed,user327@gmail.com,user327,2024-01-31 06:52:00
1032,2024-08-31,4,Grocery,3748.51,816.32,East,Lucknow,53,Basic,Cancelled,,user328,2024-12-13 19:12:00
1073,2024-10-21,18,Clothing,4898.93,889.6,East,Lucknow,49,Standard,,user329@gmail.com,user329,2024-05-26 14:40:00
1018,2024-03-26,11,Grocery,3193.24,1736.33,North,Mumbai,28,Basic,Pending,user330@gmail.com,user330,2024-12-29 08:38:00
1082,2024-07-21,9,Grocery,3926.77,2819.37,West,Pune,28,Premium,Completed,user331@gmail.com,user331,2024-05-08 23:44:00
1095,2024-02-10,7,Clothing,2045.52,331.88,West,Lucknow,21,Premium,,user332@gmail.com,user332,2024-02-23 08:39:00
1019,2024-02-13,13,Furniture,1223.84,2225.9,West,Bengaluru,26,Standard,Pending,,user333,2024-06-15 15:29:00
1069,2024-05-19,18,Grocery,762.06,2848.03,South,Bhubaneswar,56,Basic,,user334@gmail.com,user334,2024-06-07 11:30:00
1069,2024-04-26,3,Grocery,1608.55,1266.0,South,Chennai,18,Premium,Pending,user335@gmail.com,user335,2024-01-05 22:59:00
1062,2024-09-01,10,Electronics,3852.76,2404.0,South,Delhi,53,Basic,Pending,user336@gmail.com,user336,2024-07-21 07:10:00
1091,2024-11-26,13,Grocery,1180.9,283.67,South,Lucknow,57,Standard,Cancelled,user337@gmail.com,user337,2024-05-17 13:12:00
1008,2024-04-03,5,Furniture,640.75,1393.26,West,Chennai,57,Basic,Pending,user338@gmail.com,user338,2024-09-30 00:11:00
1013,2024-05-24,9,Clothing,3604.46,2194.97,South,Mumbai,27,Premium,,user339@gmail.com,user339,2024-09-12 11:29:00
1089,2024-01-17,11,Electronics,4233.38,2857.35,North,Chennai,43,Premium,,user340@gmail.com,user340,2024-05-08 12:53:00
1001,2024-03-03,8,Grocery,3879.0,1356.73,North,Hyderabad,47,Standard,Completed,user341@gmail.com,user341,2024-08-30 12:43:00
1039,2024-06-14,6,Electronics,3749.15,1671.26,North,Chennai,48,Standard,Cancelled,user342@gmail.com,user342,2024-12-07 06:07:00
1030,2024-11-20,14,Furniture,173.83,2393.45,North,Pune,33,Premium,Completed,user343@gmail.com,user343,2024-12-18 19:09:00
1047,2024-02-15,8,Clothing,2549.6,2073.54,East,Delhi,21,Basic,Pending,user344@gmail.com,user344,2024-03-05 15:14:00
1040,2024-10-12,12,Grocery,3692.63,112.99,West,Kolkata,26,Basic,Completed,user345@gmail.com,user345,2024-05-30 17:44:00
1062,2024-04-07,19,Clothing,2763.74,1004.86,West,Chennai,56,Standard,Pending,user346@gmail.com,user346,2024-05-31 08:34:00
1046,2024-08-20,1,Sports,1957.31,597.33,North,Bhubaneswar,41,Standard,Pending,user347@gmail.com,user347,2024-10-02 12:12:00
1067,2024-12-15,16,Sports,855.24,885.23,West,Kolkata,25,Premium,Completed,,user348,2024-04-01 01:12:00
1013,2024-09-05,7,Electronics,255.9,1943.17,West,Jaipur,51,Standard,Cancelled,,user349,2024-02-06 00:59:00
1026,2024-12-01,16,Electronics,2393.49,1934.8,East,Lucknow,44,Basic,Completed,user350@gmail.com,user350,2024-01-21 23:04:00
1038,2024-02-09,7,Sports,575.88,2189.26,West,Hyderabad,30,Standard,Pending,user351@gmail.com,user351,2024-10-12 23:35:00
1053,2024-02-24,19,Furniture,3405.01,2122.52,West,Mumbai,28,Premium,,user352@gmail.com,user352,2024-09-30 19:28:00
1045,2024-06-10,18,Furniture,4239.78,1266.41,West,Kolkata,56,Premium,Pending,user353@gmail.com,user353,2024-05-10 11:28:00
1057,2024-07-22,1,Electronics,4916.49,1807.5,South,Chennai,18,Basic,Pending,user354@gmail.com,user354,2024-12-19 08:58:00
1070,2024-09-18,18,Sports,4637.02,506.41,North,Jaipur,40,Premium,Pending,user355@gmail.com,user355,2024-05-07 07:16:00
1038,2024-02-17,19,Grocery,2888.42,691.44,North,Kolkata,48,Premium,,user356@gmail.com,user356,2024-10-22 03:38:00
1082,2024-06-02,2,Sports,1969.58,2351.36,East,Kolkata,45,Basic,Completed,user357@gmail.com,user357,2024-11-30 19:59:00
1001,2024-11-20,13,Electronics,1593.44,171.49,South,Kolkata,50,Standard,Pending,user358@gmail.com,user358,2024-07-20 14:48:00
1076,2024-10-21,17,Electronics,1188.22,904.86,West,Bengaluru,26,Basic,Completed,user359@gmail.com,user359,2024-10-07 12:16:00
1010,2024-07-23,17,Grocery,3891.74,434.61,South,Jaipur,53,Premium,,user360@gmail.com,user360,2024-10-14 19:47:00
1067,2024-05-06,8,Electronics,1404.66,1318.69,North,Mumbai,60,Basic,,user361@gmail.com,user361,2024-06-25 19:41:00
1003,2024-06-05,6,Furniture,3119.48,2970.97,West,Bhubaneswar,27,Basic,Completed,user362@gmail.com,user362,2024-12-16 11:09:00
1096,2024-02-13,4,Electronics,1290.94,1881.96,South,Chennai,18,Basic,Completed,user363@gmail.com,user363,2024-06-18 06:47:00
1068,2024-04-18,7,Sports,2664.0,813.04,West,Bhubaneswar,27,Standard,Completed,user364@gmail.com,user364,2024-09-26 01:16:00
1021,2024-01-31,10,Clothing,3967.02,1873.0,North,Jaipur,59,Premium,Completed,user365@gmail.com,user365,2024-12-03 11:55:00
1013,2024-01-10,10,Grocery,1232.73,1173.07,North,Kolkata,49,Standard,Completed,user366@gmail.com,user366,2024-08-22 17:59:00
1091,2024-01-12,2,Clothing,4619.12,949.54,West,Pune,28,Premium,Cancelled,user367@gmail.com,user367,2024-06-03 07:32:00
1035,2024-02-01,9,Grocery,4462.97,2453.83,North,Lucknow,35,Premium,Pending,user368@gmail.com,user368,2024-03-11 02:46:00
1048,2024-09-23,20,Clothing,2144.93,1740.05,West,Chennai,56,Basic,,user369@gmail.com,user369,2024-03-11 18:34:00
1087,2024-04-13,5,Furniture,3473.81,2701.0,South,Pune,27,Standard,Pending,user370@gmail.com,user370,2024-03-01 05:20:00
1018,2024-01-16,11,Grocery,4809.86,944.88,East,Bengaluru,30,Premium,Pending,user371@gmail.com,user371,2024-11-09 19:17:00
1077,2024-10-17,20,Clothing,3022.17,731.19,North,Kolkata,23,Standard,,user372@gmail.com,user372,2024-08-28 22:41:00
1047,2024-04-04,13,Grocery,2421.85,533.17,South,Delhi,44,Premium,Cancelled,user373@gmail.com,user373,2024-12-09 06:48:00
1026,2024-02-03,6,Grocery,4348.93,1495.33,East,Jaipur,33,Basic,,user374@gmail.com,user374,2024-07-13 23:20:00
1050,2024-11-09,19,Sports,2727.18,1942.11,North,Lucknow,24,Basic,,user375@gmail.com,,2024-05-05 16:34:00
1050,2024-01-21,18,Grocery,2629.02,1910.41,North,Hyderabad,36,Basic,,user376@gmail.com,user376,2024-05-26 14:10:00
1054,2024-05-30,20,Electronics,3480.77,2715.84,West,Jaipur,23,Standard,Completed,user377@gmail.com,user377,2024-12-22 17:08:00
1050,2024-07-30,11,Grocery,222.07,1388.36,South,Jaipur,23,Basic,Cancelled,user378@gmail.com,user378,2024-03-24 22:46:00
1015,2024-02-16,4,Grocery,3206.95,301.65,West,Lucknow,57,Premium,,user379@gmail.com,,2024-03-28 10:36:00
1084,2024-03-17,6,Clothing,976.45,2150.54,West,Chennai,37,Standard,,user380@gmail.com,user380,2024-03-08 06:00:00
1079,2024-05-09,1,Grocery,2538.38,1520.99,North,Bhubaneswar,49,Premium,Pending,user381@gmail.com,user381,2024-07-28 14:05:00
1076,2024-11-03,1,Clothing,4422.62,870.43,South,Delhi,29,Premium,Completed,user382@gmail.com,,2024-01-17 21:36:00
1077,2024-06-01,11,Electronics,340.25,1280.02,South,Bengaluru,36,Standard,Pending,user383@gmail.com,user383,2024-07-03 01:05:00
1098,2024-06-02,11,Furniture,4497.9,2469.78,West,Lucknow,22,Basic,,user384@gmail.com,user384,2024-05-20 10:33:00
1052,2024-09-25,7,Clothing,3099.06,372.44,North,Jaipur,56,Standard,Cancelled,user385@gmail.com,user385,2024-05-12 16:36:00
1079,2024-06-30,5,Sports,2856.91,1583.13,West,Jaipur,29,Standard,Pending,user386@gmail.com,user386,2024-01-01 03:01:00
1059,2024-11-16,4,Clothing,4017.87,2997.01,West,Delhi,39,Basic,Pending,,user387,2024-05-24 08:50:00
1008,2024-06-06,10,Sports,2794.97,2312.75,North,Kolkata,39,Basic,Completed,user388@gmail.com,user388,2024-06-22 21:30:00
1060,2024-01-19,5,Grocery,861.39,1408.82,East,Jaipur,44,Standard,Completed,user389@gmail.com,user389,2024-12-13 10:35:00
1068,2024-01-10,7,Sports,3458.92,2408.63,East,Mumbai,27,Basic,Completed,user390@gmail.com,user390,2024-09-30 05:36:00
1077,2024-07-18,6,Sports,672.54,2357.91,East,Kolkata,20,Basic,,user391@gmail.com,user391,2024-07-09 14:53:00
1038,2024-04-20,17,Furniture,957.56,,North,Hyderabad,23,Basic,Completed,user392@gmail.com,user392,2024-03-19 06:21:00
1061,2024-09-25,10,Furniture,802.15,2621.81,South,Hyderabad,20,Basic,,user393@gmail.com,user393,2024-01-03 09:59:00
1005,2024-12-17,20,Electronics,1733.12,2673.1,North,Lucknow,60,Standard,Cancelled,,user394,2024-11-23 06:20:00
1025,2024-04-08,10,Furniture,2708.15,2329.72,North,Chennai,27,Premium,Cancelled,user395@gmail.com,user395,2024-10-13 16:06:00
1026,2024-10-04,12,Sports,1660.58,467.59,East,Bhubaneswar,33,Premium,Completed,user396@gmail.com,user396,2024-10-03 14:03:00
1016,2024-01-15,16,Electronics,619.04,208.71,West,Pune,29,Standard,,user397@gmail.com,user397,2024-04-11 22:48:00
1085,2024-09-30,3,Grocery,2882.17,324.1,West,Mumbai,47,Basic,,user398@gmail.com,user398,2024-03-14 19:16:00
1046,2024-07-19,6,Furniture,3965.02,2653.09,West,Jaipur,19,Premium,,user399@gmail.com,user399,2024-03-28 09:49:00
1044,2024-11-05,19,Clothing,2588.95,1246.77,North,Kolkata,53,Standard,Completed,user400@gmail.com,user400,2024-07-24 18:26:00
1030,2024-11-13,8,Sports,879.2,1473.01,North,Kolkata,31,Standard,,user401@gmail.com,user401,2024-06-24 17:44:00
1030,2024-03-29,3,Sports,4200.07,387.25,West,Kolkata,53,Premium,,user402@gmail.com,user402,2024-02-05 19:06:00
1087,2024-11-01,13,Furniture,2522.05,1997.49,North,Hyderabad,26,Standard,Completed,user403@gmail.com,user403,2024-08-19 17:18:00
1049,2024-11-11,19,Grocery,1058.77,2060.47,East,Chennai,54,Standard,Cancelled,user404@gmail.com,user404,2024-06-25 02:37:00
1001,2024-11-09,17,Grocery,4253.42,2564.89,North,Kolkata,53,Premium,Completed,user405@gmail.com,user405,2024-07-02 03:55:00
1036,2024-01-16,8,Grocery,3540.89,1213.09,East,Pune,43,Basic,,user406@gmail.com,user406,2024-08-31 04:12:00
1071,2024-07-15,12,Grocery,855.91,2992.5,South,Bengaluru,18,Premium,Completed,user407@gmail.com,user407,2024-12-02 13:08:00
1010,2024-03-11,14,Grocery,4478.55,2101.4,West,Bhubaneswar,29,Basic,,user408@gmail.com,user408,2024-06-30 07:11:00
1054,2024-11-05,1,Sports,2540.97,2206.19,East,Pune,52,Standard,Cancelled,,,2024-09-04 22:23:00
1014,2024-10-24,16,Electronics,796.23,2207.31,East,Jaipur,51,Premium,Completed,user410@gmail.com,user410,2024-12-05 21:04:00
1087,2024-11-20,18,Sports,1631.25,205.68,East,Lucknow,18,Basic,,user411@gmail.com,user411,2024-06-18 13:22:00
1037,2024-05-28,6,Electronics,3505.75,1813.03,East,Bhubaneswar,34,Premium,,user412@gmail.com,user412,2024-12-02 09:51:00
1094,2024-11-15,1,Furniture,2475.32,424.12,North,Chennai,34,Premium,Cancelled,user413@gmail.com,user413,2024-02-27 19:11:00
1075,2024-03-18,15,Furniture,4058.42,820.7,South,Jaipur,29,Standard,Completed,user414@gmail.com,user414,2024-03-15 19:59:00
1019,2024-09-10,14,Grocery,1265.94,1348.55,South,Hyderabad,54,Standard,Cancelled,user415@gmail.com,user415,2024-02-29 01:10:00
1059,2024-07-23,16,Furniture,2433.7,2847.34,South,Pune,42,Basic,Cancelled,user416@gmail.com,user416,2024-01-07 09:59:00
1057,2024-07-14,11,Sports,3446.09,171.0,East,Pune,57,Standard,Cancelled,user417@gmail.com,user417,2024-02-20 08:41:00
1074,2024-07-19,15,Clothing,3698.14,1786.74,South,Lucknow,39,Standard,Pending,user418@gmail.com,,2024-01-05 02:00:00
1052,2024-02-20,17,Electronics,3458.95,1086.97,East,Chennai,30,Premium,Completed,user419@gmail.com,user419,2024-10-31 21:57:00
1027,2024-11-02,4,Electronics,523.29,1833.82,West,Bhubaneswar,29,Premium,Pending,user420@gmail.com,user420,2024-02-08 20:29:00
1035,2024-08-06,11,Furniture,893.63,268.29,North,Pune,42,Basic,Completed,user421@gmail.com,user421,2024-04-01 14:04:00
1062,2024-04-12,20,Grocery,974.37,1501.57,South,Lucknow,45,Premium,Completed,user422@gmail.com,user422,2024-02-22 01:04:00
1009,2024-10-19,9,Grocery,191.95,1518.22,North,Delhi,60,Basic,Cancelled,user423@gmail.com,user423,2024-07-19 18:00:00
1065,2024-12-28,16,Grocery,2236.68,2539.95,North,Lucknow,32,Premium,,user424@gmail.com,user424,2024-09-03 03:36:00
1068,2024-07-02,11,Furniture,2063.01,1915.2,North,Kolkata,52,Basic,Completed,user425@gmail.com,user425,2024-05-28 20:12:00
1022,2024-10-10,2,Grocery,3337.6,931.67,West,Mumbai,58,Standard,Cancelled,user426@gmail.com,user426,2024-08-12 23:12:00
1017,2024-01-19,7,Electronics,3626.72,1799.19,West,Pune,22,Standard,Cancelled,user427@gmail.com,user427,2024-08-18 00:02:00
1043,2024-01-29,11,Electronics,2086.99,674.45,West,Lucknow,27,Standard,Pending,user428@gmail.com,,2024-03-13 15:41:00
1002,2024-08-29,20,Electronics,1289.14,,North,Bengaluru,58,Premium,Cancelled,user429@gmail.com,user429,2024-11-08 05:53:00
1075,2024-02-02,4,Electronics,2536.0,2407.57,South,Mumbai,30,Basic,Cancelled,user430@gmail.com,user430,2024-12-13 12:20:00
1015,2024-12-16,19,Sports,772.91,2517.46,South,Delhi,55,Premium,Cancelled,user431@gmail.com,user431,2024-07-31 05:44:00
1047,2024-10-10,6,Grocery,1293.86,1766.86,South,Mumbai,58,Standard,,user432@gmail.com,,2024-09-06 02:00:00
1000,2024-04-01,3,Sports,4445.88,1277.86,West,Bengaluru,31,Premium,Cancelled,user433@gmail.com,user433,2024-03-30 19:44:00
1004,2024-11-01,6,Grocery,3099.04,309.66,East,Kolkata,44,Premium,Pending,user434@gmail.com,user434,2024-02-18 19:23:00
1097,2024-10-03,17,Clothing,2374.66,1898.07,South,Chennai,21,Premium,Completed,user435@gmail.com,user435,2024-08-30 15:11:00
1020,2024-12-09,2,Electronics,3259.82,890.94,West,Chennai,39,Standard,,,user436,2024-10-02 05:10:00
1100,2024-01-15,16,Sports,668.72,2690.48,West,Bhubaneswar,55,Basic,,user437@gmail.com,user437,2024-06-15 07:49:00
1014,2024-06-15,8,Electronics,1261.88,1267.16,South,Pune,32,Premium,,user438@gmail.com,user438,2024-08-11 04:13:00
1078,2024-08-20,6,Grocery,1930.08,1400.33,South,Kolkata,35,Premium,Cancelled,user439@gmail.com,user439,2024-01-31 08:08:00
1014,2024-08-26,15,Grocery,938.89,1063.55,East,Bhubaneswar,28,Standard,Pending,user440@gmail.com,user440,2024-04-27 02:26:00
1066,2024-09-07,7,Sports,2420.1,1415.15,North,Pune,33,Premium,Cancelled,user441@gmail.com,user441,2024-10-29 04:58:00
1073,2024-01-03,14,Electronics,296.29,,North,Pune,51,Basic,,user442@gmail.com,user442,2024-02-20 14:31:00
1030,2024-02-12,18,Electronics,3496.48,1249.52,South,Bengaluru,40,Basic,Pending,user443@gmail.com,user443,2024-09-02 21:19:00
1020,2024-12-26,15,Sports,3761.7,122.02,West,Jaipur,26,Standard,,user444@gmail.com,user444,2024-11-16 14:45:00
1081,2024-01-01,3,Grocery,4477.83,1032.07,North,Chennai,45,Basic,Pending,user445@gmail.com,user445,2024-06-20 23:59:00
1007,2024-09-20,12,Electronics,643.74,1128.49,North,Kolkata,41,Premium,Completed,user446@gmail.com,user446,2024-03-11 10:15:00
1069,2024-02-28,16,Sports,4368.54,2123.39,South,Kolkata,40,Basic,,user447@gmail.com,user447,2024-06-25 14:31:00
1064,2024-09-26,4,Grocery,3578.14,2051.01,East,Jaipur,57,Basic,Completed,user448@gmail.com,user448,2024-02-14 02:25:00
1022,2024-05-27,3,Electronics,907.35,380.47,South,Jaipur,27,Premium,Completed,user449@gmail.com,user449,2024-10-04 04:30:00
1044,2024-08-03,15,Electronics,1528.43,235.7,South,Lucknow,59,Basic,,user450@gmail.com,user450,2024-06-16 15:37:00
1085,2024-12-22,17,Sports,2281.76,947.04,South,Chennai,28,Basic,Pending,user451@gmail.com,user451,2024-01-25 04:22:00
1036,2024-08-21,6,Sports,4628.25,2149.85,East,Bengaluru,29,Standard,Pending,user452@gmail.com,user452,2024-06-11 18:08:00
1056,2024-05-13,12,Clothing,1105.26,2136.05,East,Kolkata,27,Basic,,user453@gmail.com,user453,2024-06-03 03:58:00
1003,2024-07-26,16,Clothing,4744.17,2787.04,South,Delhi,52,Standard,Cancelled,user454@gmail.com,user454,2024-05-28 18:42:00
1018,2024-10-16,15,Furniture,3476.82,2208.34,North,Bengaluru,53,Premium,Cancelled,,user455,2024-04-22 14:22:00
1011,2024-06-16,2,Sports,3242.43,1771.12,South,Chennai,30,Premium,Completed,user456@gmail.com,user456,2024-12-09 02:32:00
1050,2024-04-09,16,Furniture,3055.54,1559.09,North,Kolkata,43,Premium,,user457@gmail.com,user457,2024-05-25 11:22:00
1039,2024-08-16,18,Electronics,1156.91,2669.02,West,Jaipur,36,Premium,,user458@gmail.com,user458,2024-10-27 19:05:00
1018,2024-04-16,10,Grocery,4943.07,1599.64,East,Mumbai,55,Basic,Completed,,user459,2024-05-19 13:11:00
1071,2024-08-24,19,Clothing,1076.36,2505.24,East,Lucknow,49,Premium,Cancelled,user460@gmail.com,user460,2024-10-13 23:29:00
1028,2024-01-14,1,Clothing,1387.12,2870.28,West,Mumbai,59,Standard,Cancelled,user461@gmail.com,user461,2024-12-18 20:15:00
1003,2024-03-02,9,Grocery,4972.23,246.84,East,Bhubaneswar,48,Standard,,user462@gmail.com,user462,2024-08-31 22:52:00
1015,2024-07-10,17,Sports,185.97,815.63,North,Bengaluru,38,Basic,Pending,user463@gmail.com,user463,2024-07-03 13:40:00
1045,2024-01-25,10,Furniture,2695.1,2812.14,South,Bengaluru,24,Standard,Pending,user464@gmail.com,user464,2024-12-16 09:17:00
1087,2024-12-23,12,Electronics,2718.66,1087.31,South,Delhi,26,Standard,Cancelled,user465@gmail.com,user465,2024-06-23 05:06:00
1027,2024-03-20,17,Clothing,4174.71,2395.56,North,Pune,47,Premium,Completed,user466@gmail.com,user466,2024-09-02 11:19:00
1088,2024-07-04,5,Grocery,4459.66,1813.06,East,Bengaluru,37,Premium,Completed,user467@gmail.com,user467,2024-03-13 22:14:00
1039,2024-03-05,7,Clothing,4907.44,1303.17,North,Mumbai,19,Basic,,,user468,2024-12-03 16:37:00
1007,2024-08-28,4,Furniture,312.08,939.86,North,Mumbai,25,Standard,Pending,user469@gmail.com,user469,2024-12-09 11:01:00
1011,2024-03-15,9,Sports,1804.4,523.64,South,Lucknow,54,Premium,Completed,user470@gmail.com,user470,2024-09-27 06:45:00
1024,2024-05-24,6,Sports,121.21,2189.78,South,Lucknow,48,Basic,Pending,user471@gmail.com,user471,2024-04-02 11:24:00
1054,2024-04-19,17,Clothing,2097.13,2296.16,East,Mumbai,47,Premium,Pending,user472@gmail.com,user472,2024-05-27 17:46:00
1005,2024-02-12,11,Grocery,667.04,886.65,East,Jaipur,32,Standard,,user473@gmail.com,user473,2024-04-06 02:57:00
1060,2024-12-13,12,Clothing,162.65,2038.77,North,Pune,46,Standard,Completed,user474@gmail.com,user474,2024-12-21 18:06:00
1094,2024-03-27,3,Furniture,4878.52,1048.96,West,Mumbai,32,Basic,,user475@gmail.com,user475,2024-10-24 18:17:00
1096,2024-11-25,13,Furniture,2431.55,1829.34,West,Jaipur,50,Basic,Pending,user476@gmail.com,user476,2024-05-08 15:31:00
1029,2024-11-17,5,Electronics,588.06,205.91,North,Jaipur,19,Premium,,user477@gmail.com,user477,2024-06-04 19:39:00
1012,2024-02-09,17,Grocery,3984.38,645.7,West,Jaipur,50,Basic,Cancelled,user478@gmail.com,user478,2024-01-10 01:27:00
1015,2024-07-15,15,Furniture,4279.08,1355.54,North,Delhi,29,Standard,Cancelled,user479@gmail.com,user479,2024-08-08 04:19:00
1091,2024-07-18,16,Electronics,2887.39,1497.13,West,Jaipur,53,Premium,Completed,user480@gmail.com,user480,2024-07-12 19:43:00
1045,2024-05-25,11,Electronics,237.92,183.1,East,Kolkata,55,Premium,Cancelled,user481@gmail.com,user481,2024-07-01 13:22:00
1007,2024-12-04,8,Clothing,1249.65,970.69,North,Mumbai,37,Premium,Cancelled,user482@gmail.com,user482,2024-01-20 14:42:00
1054,2024-10-17,17,Grocery,1406.43,2103.08,North,Kolkata,42,Standard,,user483@gmail.com,user483,2024-09-07 03:44:00
1086,2024-04-15,11,Grocery,2563.57,2306.47,East,Bengaluru,57,Basic,Cancelled,user484@gmail.com,user484,2024-11-21 02:53:00
1068,2024-04-19,10,Furniture,332.9,2988.87,West,Hyderabad,57,Standard,Completed,user485@gmail.com,user485,2024-10-30 10:17:00
1008,2024-10-17,17,Grocery,2192.82,1074.58,North,Chennai,50,Basic,,user486@gmail.com,user486,2024-07-31 12:16:00
1079,2024-09-20,15,Sports,984.94,104.88,South,Bhubaneswar,49,Premium,,user487@gmail.com,user487,2024-11-10 13:59:00
1072,2024-11-16,2,Sports,1083.18,1414.34,South,Bengaluru,37,Basic,,user488@gmail.com,user488,2024-02-02 20:13:00
1052,2024-05-16,10,Clothing,1356.59,1823.64,West,Hyderabad,25,Premium,Pending,,user489,2024-06-07 14:31:00
1071,2024-08-11,14,Electronics,1089.75,854.5,North,Chennai,35,Standard,Pending,user490@gmail.com,,2024-09-05 00:03:00
1010,2024-06-09,20,Furniture,4349.14,2706.7,West,Kolkata,60,Standard,Completed,user491@gmail.com,user491,2024-03-12 07:07:00
1073,2024-09-13,4,Sports,3354.66,1762.24,East,Jaipur,23,Premium,Completed,user492@gmail.com,user492,2024-10-26 23:24:00
1095,2024-04-30,14,Clothing,806.96,566.71,East,Jaipur,44,Basic,Completed,user493@gmail.com,user493,2024-02-27 10:34:00
1054,2024-08-31,8,Furniture,4409.22,2814.07,East,Jaipur,41,Basic,Completed,user494@gmail.com,user494,2024-01-18 23:42:00
1006,2024-12-19,8,Furniture,2808.37,962.34,East,Mumbai,52,Premium,,user495@gmail.com,user495,2024-07-20 08:19:00
1011,2024-04-30,10,Clothing,4311.14,522.67,West,Kolkata,59,Basic,Completed,user496@gmail.com,user496,2024-09-08 15:47:00
1052,2024-06-19,14,Electronics,4139.56,2110.52,North,Kolkata,44,Standard,Cancelled,user497@gmail.com,,2024-01-27 20:41:00
1023,2024-11-18,15,Clothing,115.07,640.22,East,Kolkata,54,Premium,Completed,user498@gmail.com,user498,2024-11-28 04:54:00
1076,2024-12-17,14,Furniture,2312.3,2626.84,South,Chennai,29,Standard,Cancelled,user499@gmail.com,user499,2024-07-31 11:11:00
1050,2024-07-12,19,Clothing,201.6,117.76,South,Mumbai,47,Premium,Cancelled,user500@gmail.com,user500,2024-07-24 19:27:00
1066,2024-09-15,14,Clothing,3067.0,573.4,North,Lucknow,50,Premium,Completed,user308@gmail.com,user308,2024-11-04 17:52:00
1092,2024-11-13,13,Clothing,4126.14,,North,Hyderabad,19,Basic,Cancelled,user134@gmail.com,user134,2024-04-14 13:32:00
1056,2024-08-15,8,Furniture,586.84,2072.76,East,Delhi,43,Basic,Pending,user77@gmail.com,user77,2024-08-20 02:42:00
1041,2024-04-03,16,Clothing,1838.64,812.14,East,Bhubaneswar,35,Standard,Completed,user46@gmail.com,user46,2024-05-03 23:26:00
1010,2024-06-09,20,Furniture,4349.14,2706.7,West,Kolkata,60,Standard,Completed,user491@gmail.com,user491,2024-03-12 07:07:00
1068,2024-05-27,6,Grocery,2871.69,2329.02,West,Lucknow,50,Premium,Completed,user189@gmail.com,user189,2024-07-06 17:52:00
1067,2024-04-20,13,Grocery,2322.86,,East,Kolkata,54,Standard,Completed,user88@gmail.com,user88,2024-11-12 01:43:00
1068,2024-04-19,10,Furniture,332.9,2988.87,West,Hyderabad,57,Standard,Completed,user485@gmail.com,user485,2024-10-30 10:17:00
1000,2024-11-24,20,Electronics,3804.21,1777.54,North,Kolkata,50,Premium,Cancelled,user291@gmail.com,user291,2024-02-14 09:48:00
1053,2024-09-04,16,Clothing,2338.25,476.69,South,Bhubaneswar,50,Standard,Pending,user61@gmail.com,user61,2024-07-31 10:59:00
1006,2024-02-26,5,Clothing,3981.19,1295.37,North,Pune,42,Standard,,user8@gmail.com,user8,2024-01-06 21:46:00
1035,2024-02-01,9,Grocery,4462.97,2453.83,North,Lucknow,35,Premium,Pending,user368@gmail.com,user368,2024-03-11 02:46:00
1086,2024-11-24,13,Clothing,4211.26,1697.12,North,Delhi,59,Premium,,user270@gmail.com,user270,2024-02-08 15:20:00
1003,2024-06-12,20,Clothing,243.59,2441.53,East,Delhi,48,Standard,Cancelled,user223@gmail.com,user223,2024-03-22 03:15:00
1026,2024-10-04,12,Sports,1660.58,467.59,East,Bhubaneswar,33,Premium,Completed,user396@gmail.com,user396,2024-10-03 14:03:00
1054,2024-04-19,17,Clothing,2097.13,2296.16,East,Mumbai,47,Premium,Pending,user472@gmail.com,user472,2024-05-27 17:46:00
1096,2024-11-25,13,Furniture,2431.55,1829.34,West,Jaipur,50,Basic,Pending,user476@gmail.com,user476,2024-05-08 15:31:00
1093,2024-02-08,18,Electronics,1755.96,2956.56,West,Delhi,45,Standard,Pending,user233@gmail.com,user233,2024-01-28 03:21:00
1065,2024-12-28,16,Grocery,2236.68,2539.95,North,Lucknow,32,Premium,,user424@gmail.com,user424,2024-09-03 03:36:00
1040,2024-10-12,12,Grocery,3692.63,112.99,West,Kolkata,26,Basic,Completed,user345@gmail.com,user345,2024-05-30 17:44:00
