customer_id,customer_name,email,registration_date,customer_type
CUST-0001,Arjun Brown,arjun.brown36@yahoo.com,2023-04-25,REGULAR
CUST-0002,Ananya Brown,ananya.brown70@gmail.com,2023-10-30,PREMIUM
CUST-0003,Mary Smith,mary.smith30@example.com,2023-11-05,REGULAR
CUST-0004,Sarah Miller,sarah.miller90@example.com,2023-08-03,REGULAR
CUST-0005,Joseph Rao,joseph.rao1@yahoo.com,2023-12-24,PREMIUM
CUST-0006,David Rodriguez,david.rodriguez98@outlook.com,2023-02-22,REGULAR
CUST-0007,Richard Brown,richard.brown45@example.com,2023-05-16,REGULAR
CUST-0008,Ananya Singh,ananya.singh49@gmail.com,2023-10-10,PREMIUM
CUST-0009,Vikram Reddy,vikram.reddy47@example.com,2023-04-09,VIP
CUST-0010,John Johnson,john.johnson99@outlook.com,2023-02-10,REGULAR
CUST-0011,Pooja Brown,pooja.brown59@techstore.org,2024-03-03,PREMIUM
CUST-0012,Jennifer Verma,jennifer.verma86@outlook.com,2023-12-26,VIP
CUST-0013,Arjun Williams,arjun.williams22@example.com,2024-01-09,REGULAR
CUST-0014,Jennifer Singh,jennifer.singh82@techstore.org,2023-10-13,REGULAR
CUST-0015,Priya Sharma,priya.sharma8@yahoo.com,2024-02-25,REGULAR
CUST-0016,Neha Sharma,neha.sharma9@yahoo.com,2024-04-12,VIP
CUST-0017,Aarav Sharma,aarav.sharma64@icloud.com,2024-03-28,VIP
CUST-0018,Joseph Jones,joseph.jones32@techstore.org,2023-10-15,VIP
CUST-0019,William Rao,william.rao75@icloud.com,2023-07-05,REGULAR
CUST-0020,Robert Kulkarni,robert.kulkarni97@gmail.com,2024-03-16,REGULAR
CUST-0021,Robert Garcia,robert.garcia55@example.com,2023-02-02,PREMIUM
CUST-0022,Richard Reddy,richard.reddy68@outlook.com,2024-05-12,VIP
CUST-0023,Pooja Smith,pooja.smith15@techstore.org,2024-03-29,VIP
CUST-0024,Siddharth Rodriguez,siddharth.rodriguez44@gmail.com,2023-05-31,PREMIUM
CUST-0025,Jennifer Singh,jennifersingh@,2024-01-04,PREMIUM
CUST-0026,Thomas Garcia,thomas.garcia14@techstore.org,2023-06-02,VIP
CUST-0027,Thomas Reddy,thomas.reddy48@yahoo.com,2023-10-04,VIP
CUST-0028,Isha Smith,isha.smith63@gmail.com,2023-02-27,PREMIUM
CUST-0029,Aarav Martinez,aarav.martinez31@example.com,2024-04-29,REGULAR
CUST-0030,John Nair,john.nair98@example.com,2024-01-28,REGULAR
CUST-0031,Robert Nair,robert.nair22@outlook.com,2023-09-28,VIP
CUST-0032,Susan Miller,susan.miller97@techstore.org,2023-12-20,REGULAR
CUST-0033,Rahul Martinez,rahul.martinez86@techstore.org,2023-07-11,PREMIUM
CUST-0034,Aarav Kulkarni,aarav.kulkarni32@yahoo.com,2023-02-02,PREMIUM
CUST-0035,James Rao,james.rao76@yahoo.com,2023-01-04,REGULAR
CUST-0036,Rahul Johnson,rahul.johnson5@outlook.com,2023-02-06,VIP
CUST-0037,Linda Rodriguez,linda.rodriguez28@example.com,2023-03-09,VIP
CUST-0038,Isha Rao,isha.rao32@icloud.com,2024-02-18,PREMIUM
CUST-0039,Michael Brown,michael.brown56@outlook.com,2023-08-05,PREMIUM
CUST-0040,Joseph Johnson,joseph.johnson83@gmail.com,2023-02-01,PREMIUM
CUST-0041,Ananya Sharma,ananya.sharma14@yahoo.com,2023-04-09,REGULAR
CUST-0042,Sarah Singh,sarah.singh24@outlook.com,2023-08-25,REGULAR
CUST-0043,Pooja Williams,pooja.williams71@gmail.com,2023-01-26,VIP
CUST-0044,Sarah Smith,sarah.smith97@yahoo.com,2023-03-27,PREMIUM
CUST-0045,Jessica Nair,jessica.nair52@gmail.com,2023-03-26,PREMIUM
CUST-0046,James Patel,james.patel59@outlook.com,2023-08-05,VIP
CUST-0047,Ananya Gupta,ananya.gupta63@yahoo.com,2023-04-08,PREMIUM
CUST-0048,Michael Johnson,michael.johnson70@gmail.com,2024-01-18,PREMIUM
CUST-0049,Mary Johnson,mary.johnson65@example.com,2023-03-22,REGULAR
CUST-0050,Thomas Williams,thomas.williams9@example.com,2023-02-04,VIP
CUST-0051,Pooja Davis,pooja.davis73@yahoo.com,2023-10-24,VIP
CUST-0052,Mary Reddy,mary.reddy85@example.com,2023-10-17,VIP
CUST-0053,David Rodriguez,david.rodriguez92@outlook.com,2023-05-03,PREMIUM
CUST-0054,Richard Jones,richard.jones39@icloud.com,2023-06-11,REGULAR
CUST-0055,James Singh,james.singh73@gmail.com,2023-02-07,VIP
CUST-0056,Michael Kulkarni,michael.kulkarni45@gmail.com,2024-03-26,REGULAR
CUST-0057,Barbara Martinez,barbara.martinez70@techstore.org,2023-06-04,VIP
CUST-0058,Neha Kulkarni,nehakulkarni@,2023-06-03,VIP
CUST-0059,Patricia Jones,patricia.jones14@techstore.org,2023-10-11,REGULAR
CUST-0060,William Martinez,william.martinez92@outlook.com,2023-04-15,VIP
CUST-0061,Arjun Rodriguez,arjun.rodriguez33@gmail.com,2023-02-17,VIP
CUST-0062,Susan Rodriguez,susan.rodriguez43@yahoo.com,2023-11-23,PREMIUM
CUST-0063,Jennifer Singh,jennifer.singh55@example.com,2023-01-05,REGULAR
CUST-0064,John Jones,john.jones48@example.com,2023-10-10,REGULAR
CUST-0065,Susan Jones,susan.jones47@gmail.com,2024-04-05,PREMIUM
CUST-0066,Michael Davis,michael.davis46@example.com,2024-03-28,PREMIUM
CUST-0067,Karen Jones,karen.jones31@yahoo.com,2024-05-14,REGULAR
CUST-0068,Aarav Mehta,aarav.mehta95@outlook.com,2024-02-05,PREMIUM
CUST-0069,Neha Davis,neha.davis90@gmail.com,2023-07-15,REGULAR
CUST-0070,Pooja Nair,pooja.nair59@outlook.com,2023-06-06,REGULAR
CUST-0071,Linda Smith,linda.smith52@outlook.com,2023-05-23,REGULAR
CUST-0072,Siddharth Rodriguez,siddharth.rodriguez66@icloud.com,2023-12-14,VIP
CUST-0073,David Smith,david.smith34@yahoo.com,2023-10-25,PREMIUM
CUST-0074,Mary Brown,mary.brown45@techstore.org,2024-02-07,PREMIUM
CUST-0075,Susan Reddy,susan.reddy15@icloud.com,2024-04-05,VIP
CUST-0076,Michael Rodriguez,michael.rodriguez56@gmail.com,2023-09-24,VIP
CUST-0077,Priya Miller,priya.miller9@techstore.org,2024-04-16,PREMIUM
CUST-0078,Karen Sharma,karen.sharma16@techstore.org,2024-04-05,PREMIUM
CUST-0079,Thomas Martinez,thomas.martinez42@icloud.com,2023-12-23,PREMIUM
CUST-0080,Sarah Jones,sarah.jones86@icloud.com,2023-12-13,VIP
CUST-0081,Aarav Garcia,aarav.garcia39@icloud.com,2023-10-08,REGULAR
CUST-0082,Elizabeth Martinez,elizabeth.martinez75@example.com,2023-12-02,PREMIUM
CUST-0083,Joseph Singh,joseph.singh28@example.com,2023-08-31,VIP
CUST-0084,Jennifer Williams,jennifer.williams85@techstore.org,2023-11-14,PREMIUM
CUST-0085,John Davis,john.davis29@yahoo.com,2023-03-17,REGULAR
CUST-0086,Mary Davis,mary.davis79@gmail.com,2023-08-22,PREMIUM
CUST-0087,Aarav Rao,aarav.rao90@icloud.com,2023-09-11,PREMIUM
CUST-0088,Linda Jones,linda.jones1@gmail.com,2024-02-03,PREMIUM
CUST-0089,Linda Garcia,linda.garcia90@example.com,2023-08-26,REGULAR
CUST-0090,Sarah Davis,sarah.davis16@icloud.com,2023-03-10,PREMIUM
CUST-0091,Priya Kulkarni,priya.kulkarni77@outlook.com,2024-05-01,PREMIUM
CUST-0092,Karen Kulkarni,karen.kulkarni71@icloud.com,2024-04-04,REGULAR
CUST-0093,Ananya Nair,ananya.nair97@yahoo.com,2024-03-06,VIP
CUST-0094,William Kulkarni,william.kulkarni31@outlook.com,2023-08-14,REGULAR
CUST-0095,Rahul Martinez,rahul.martinez43@outlook.com,2024-04-02,VIP
CUST-0096,John Jones,john.jones50@techstore.org,2023-03-20,VIP
CUST-0097,Michael Williams,michael.williams43@example.com,2023-08-27,PREMIUM
CUST-0098,Mary Miller,mary.miller50@example.com,2024-04-29,VIP
CUST-0099,James Rao,james.rao1@outlook.com,2023-06-02,PREMIUM
CUST-0100,Pooja Mehta,pooja.mehta95@example.com,2024-02-14,VIP
CUST-0101,Aarav Davis,aarav.davis35@icloud.com,2023-09-06,REGULAR
CUST-0102,Richard Sharma,richard.sharma52@techstore.org,2023-03-26,PREMIUM
CUST-0103,Isha Jones,isha.jones69@gmail.com,2024-04-09,PREMIUM
CUST-0104,Charles Rao,charles.rao11@techstore.org,2023-08-08,REGULAR
CUST-0105,Pooja Singh,pooja.singh34@icloud.com,2023-06-17,REGULAR
CUST-0106,Joseph Sharma,joseph.sharma49@outlook.com,2024-01-21,PREMIUM
CUST-0107,William Williams,william.williams96@example.com,2023-01-27,PREMIUM
CUST-0108,Linda Williams,linda.williams84@gmail.com,2024-01-22,REGULAR
CUST-0109,Linda Miller,linda.miller80@yahoo.com,2023-05-03,REGULAR
CUST-0110,Jessica Brown,jessica.brown28@icloud.com,2023-12-25,PREMIUM
CUST-0111,Siddharth Verma,siddharth.verma78@techstore.org,2024-01-03,REGULAR
CUST-0112,Siddharth Garcia,siddharth.garcia14@example.com,2023-01-14,PREMIUM
CUST-0113,Charles Patel,charles.patel92@yahoo.com,2023-02-08,VIP
CUST-0114,Rahul Davis,rahul.davis99@outlook.com,2024-03-11,VIP
CUST-0115,Karen Brown,karen.brown73@gmail.com,2023-06-27,VIP
CUST-0116,Susan Verma,susan.verma83@outlook.com,2023-01-07,PREMIUM
CUST-0117,Vikram Nair,vikram.nair47@techstore.org,2024-04-01,PREMIUM
CUST-0118,Rahul Jones,rahul.jones94@example.com,2024-05-09,VIP
CUST-0119,William Reddy,william.reddy69@icloud.com,2023-08-27,PREMIUM
CUST-0120,Vikram Rao,vikram.rao32@gmail.com,2023-05-23,PREMIUM
CUST-0121,Linda Singh,linda.singh86@icloud.com,2023-06-22,REGULAR
CUST-0122,Jessica Sharma,jessica.sharma28@outlook.com,2024-02-13,PREMIUM
CUST-0123,David Rodriguez,david.rodriguez90@outlook.com,2023-10-12,REGULAR
CUST-0124,Thomas Miller,thomas.miller93@icloud.com,2023-09-08,VIP
CUST-0125,Siddharth Davis,siddharth.davis83@techstore.org,2023-09-09,PREMIUM
CUST-0126,Neha Smith,neha.smith29@icloud.com,2023-12-21,REGULAR
CUST-0127,Elizabeth Rao,elizabeth.rao71@example.com,2023-06-26,PREMIUM
CUST-0128,Ananya Gupta,ananya.gupta90@icloud.com,2023-05-19,PREMIUM
CUST-0129,William Davis,william.davis25@outlook.com,2023-03-03,VIP
CUST-0130,Sarah Garcia,sarah.garcia95@icloud.com,2023-05-22,VIP
CUST-0131,Charles Kulkarni,charles.kulkarni13@yahoo.com,2023-06-01,REGULAR
CUST-0132,Barbara Garcia,barbara.garcia91@example.com,2023-03-06,PREMIUM
CUST-0133,Mary Johnson,mary.johnson90@yahoo.com,2023-11-23,PREMIUM
CUST-0134,Patricia Smith,patricia.smith61@icloud.com,2023-08-14,PREMIUM
CUST-0135,Jennifer Johnson,jennifer.johnson62@gmail.com,2024-02-25,REGULAR
CUST-0136,Richard Nair,richard.nair81@techstore.org,2023-01-28,REGULAR
CUST-0137,Robert Rao,robert.rao11@yahoo.com,2023-03-02,VIP
CUST-0138,Siddharth Mehta,siddharth.mehta80@yahoo.com,2024-02-02,VIP
CUST-0139,Richard Singh,richard.singh39@example.com,2023-08-08,PREMIUM
CUST-0140,Charles Reddy,charles.reddy95@gmail.com,2024-04-30,REGULAR
CUST-0141,Arjun Miller,arjun.miller11@yahoo.com,2023-05-03,REGULAR
CUST-0142,Sarah Williams,sarah.williams53@icloud.com,2023-12-19,VIP
CUST-0143,Jessica Martinez,jessica.martinez37@techstore.org,2023-05-25,VIP
CUST-0144,Pooja Singh,pooja.singh30@outlook.com,2024-02-08,VIP
CUST-0145,Charles Miller,charles.miller70@yahoo.com,2023-11-28,REGULAR
CUST-0146,Isha Rodriguez,isha.rodriguez10@gmail.com,2023-03-26,PREMIUM
CUST-0147,Karen Rao,karen.rao57@gmail.com,2023-08-28,VIP
CUST-0148,Elizabeth Patel,elizabeth.patel65@example.com,2023-09-10,PREMIUM
CUST-0149,John Reddy,john.reddy56@techstore.org,2023-06-15,VIP
CUST-0150,William Smith,william.smith87@example.com,2023-10-28,REGULAR
CUST-0151,Siddharth Rodriguez,siddharth.rodriguez98@yahoo.com,2023-08-29,VIP
CUST-0152,Arjun Singh,arjun.singh24@example.com,2023-08-12,VIP
CUST-0153,Vikram Nair,vikram.nair61@outlook.com,2023-07-29,PREMIUM
CUST-0154,David Brown,david.brown43@icloud.com,2023-12-22,PREMIUM
CUST-0155,Elizabeth Patel,elizabeth.patel71@gmail.com,2023-08-21,REGULAR
CUST-0156,David Rodriguez,david.rodriguez99@icloud.com,2024-03-18,VIP
CUST-0157,Vikram Smith,vikram.smith70@icloud.com,2023-07-31,REGULAR
CUST-0158,Michael Kulkarni,michael.kulkarni97@icloud.com,2023-11-17,PREMIUM
CUST-0159,Siddharth Johnson,siddharth.johnson71@yahoo.com,2024-04-19,PREMIUM
CUST-0160,Joseph Nair,joseph.nair81@example.com,2024-02-14,REGULAR
CUST-0161,Rahul Garcia,rahul.garcia2@example.com,2023-07-28,REGULAR
CUST-0162,Linda Brown,linda.brown16@techstore.org,2024-03-02,REGULAR
CUST-0163,Jessica Martinez,jessica.martinez35@icloud.com,2024-03-03,PREMIUM
CUST-0164,Jessica Davis,jessica.davis19@icloud.com,2023-04-08,VIP
CUST-0165,Thomas Jones,thomas.jones36@icloud.com,2023-06-24,VIP
CUST-0166,William Smith,william.smith39@example.com,2023-10-24,VIP
CUST-0167,Jessica Jones,jessica.jones62@outlook.com,2023-06-20,VIP
CUST-0168,Siddharth Gupta,siddharth.gupta42@yahoo.com,2023-12-24,REGULAR
CUST-0169,Charles Patel,charles.patel53@gmail.com,2023-06-12,VIP
CUST-0170,Jessica Patel,jessica.patel85@techstore.org,2023-03-19,PREMIUM
CUST-0171,Mary Jones,mary.jones76@outlook.com,2024-03-21,REGULAR
CUST-0172,Pooja Singh,pooja.singh59@gmail.com,2024-01-05,REGULAR
CUST-0173,Susan Jones,susan.jones34@outlook.com,2023-11-16,VIP
CUST-0174,Richard Williams,richard.williams87@example.com,2023-07-14,PREMIUM
CUST-0175,Arjun Nair,arjun.nair5@example.com,2023-02-05,REGULAR
CUST-0176,Arjun Martinez,arjun.martinez96@gmail.com,2023-08-11,REGULAR
CUST-0177,Siddharth Brown,siddharth.brown89@outlook.com,2024-04-07,REGULAR
CUST-0178,Mary Sharma,mary.sharma38@outlook.com,2023-07-11,PREMIUM
CUST-0179,Robert Davis,robert.davis73@techstore.org,2024-02-10,REGULAR
CUST-0180,Jennifer Garcia,jennifer.garcia49@example.com,2023-12-16,REGULAR
CUST-0181,Jessica Rao,jessica.rao60@techstore.org,2023-05-11,PREMIUM
CUST-0182,William Smith,william.smith60@outlook.com,2023-12-13,VIP
CUST-0183,Jennifer Williams,jennifer.williams45@example.com,2023-06-03,VIP
CUST-0184,Susan Rodriguez,susan.rodriguez39@yahoo.com,2023-07-16,PREMIUM
CUST-0185,Patricia Davis,patricia.davis46@example.com,2023-06-01,VIP
CUST-0186,Elizabeth Smith,elizabeth.smith85@icloud.com,2023-05-21,REGULAR
CUST-0187,Charles Johnson,charles.johnson96@icloud.com,2024-03-02,PREMIUM
CUST-0188,Siddharth Davis,siddharth.davis46@yahoo.com,2023-11-22,REGULAR
CUST-0189,Karen Rodriguez,karen.rodriguez93@techstore.org,2023-12-15,REGULAR
CUST-0190,Arjun Brown,arjun.brown83@gmail.com,2023-06-08,PREMIUM
CUST-0191,Mary Rao,mary.rao17@gmail.com,2024-04-10,PREMIUM
CUST-0192,David Mehta,david.mehta17@example.com,2024-03-24,PREMIUM
CUST-0193,Thomas Kulkarni,thomas.kulkarni22@outlook.com,2024-04-12,PREMIUM
CUST-0194,Neha Martinez,neha.martinez44@gmail.com,2023-08-28,REGULAR
CUST-0195,Robert Davis,robert.davis93@techstore.org,2023-07-23,VIP
CUST-0196,Barbara Williams,barbara.williams2@outlook.com,2023-10-02,REGULAR
CUST-0197,Joseph Verma,joseph.verma87@outlook.com,2023-10-27,PREMIUM
CUST-0198,Vikram Verma,vikram.verma30@icloud.com,2023-01-13,VIP
CUST-0199,Aarav Gupta,aarav.gupta79@yahoo.com,2023-11-28,REGULAR
CUST-0200,Arjun Singh,arjun.singh39@techstore.org,2023-07-29,REGULAR
