item_id,order_id,product_id,quantity,unit_price,discount_percent
ITEM-000001,ORD-00142,PROD-0008,4,69.98,20.0
ITEM-000002,ORD-00166,PROD-0007,4,29.98,20.0
ITEM-000003,ORD-00347,PROD-0004,1,119.98,20.0
ITEM-000004,ORD-00094,PROD-0010,5,499.98,5.0
ITEM-000005,ORD-00091,PROD-0005,3,49.98,0.0
ITEM-000006,ORD-00039,PROD-0025,4,250.0,10.0
ITEM-000007,ORD-00534,PROD-0019,5,40.0,0.0
ITEM-000008,ORD-00180,PROD-0032,2,52.0,20.0
ITEM-000009,ORD-00531,PROD-0019,5,40.0,10.0
ITEM-000010,ORD-00529,PROD-0015,1,55.0,0.0
ITEM-000011,ORD-00245,PROD-0001,1,799.98,0.0
ITEM-000012,ORD-00410,PROD-0023,4,40.0,10.0
ITEM-000013,ORD-00206,PROD-0001,1,799.98,0.0
ITEM-000014,ORD-00563,PROD-0019,5,40.0,10.0
ITEM-000015,ORD-00357,PROD-0023,3,40.0,0.0
ITEM-000016,ORD-00200,PROD-0030,5,32.0,0.0
ITEM-000017,ORD-00268,PROD-0012,1,19.98,10.0
ITEM-000018,ORD-00075,PROD-0033,1,22.0,20.0
ITEM-000019,ORD-00526,PROD-0017,5,120.0,0.0
ITEM-000020,ORD-00454,PROD-0025,2,250.0,20.0
ITEM-000021,ORD-00348,PROD-0030,5,32.0,20.0
ITEM-000022,ORD-00029,PROD-0031,1,28.0,5.0
ITEM-000023,ORD-00226,PROD-0015,4,55.0,0.0
ITEM-000024,ORD-00529,PROD-0001,3,799.98,0.0
ITEM-000025,ORD-00295,PROD-0006,3,59.98,0.0
ITEM-000026,ORD-00568,PROD-0012,3,19.98,0.0
ITEM-000027,ORD-00588,PROD-0018,2,12.5,5.0
ITEM-000028,ORD-00205,PROD-0016,3,25.0,0.0
ITEM-000029,ORD-00235,PROD-0013,5,45.0,0.0
ITEM-000030,ORD-00160,PROD-0007,1,29.98,15.0
ITEM-000031,ORD-00505,PROD-0001,5,799.98,0.0
ITEM-000032,ORD-00494,PROD-0024,4,130.0,10.0
ITEM-000033,ORD-00282,PROD-0032,5,52.0,0.0
ITEM-000034,ORD-00408,PROD-0015,2,55.0,0.0
ITEM-000035,ORD-00539,PROD-0028,5,45.0,0.0
ITEM-000036,ORD-00515,PROD-0023,2,40.0,5.0
ITEM-000037,ORD-00124,PROD-0030,1,32.0,0.0
ITEM-000038,ORD-00216,PROD-0025,3,250.0,0.0
ITEM-000039,ORD-00266,PROD-0012,2,19.98,0.0
ITEM-000040,ORD-00483,PROD-0022,4,12.0,5.0
ITEM-000041,ORD-00216,PROD-0027,3,75.0,0.0
ITEM-000042,ORD-00411,PROD-0018,5,12.5,0.0
ITEM-000043,ORD-00590,PROD-0015,3,55.0,20.0
ITEM-000044,ORD-00242,PROD-0028,2,45.0,0.0
ITEM-000045,ORD-00154,PROD-0031,2,28.0,5.0
ITEM-000046,ORD-00512,PROD-0009,5,199.98,10.0
ITEM-000047,ORD-00324,PROD-0032,5,52.0,20.0
ITEM-000048,ORD-00582,PROD-0004,2,119.98,0.0
ITEM-000049,ORD-00221,PROD-0017,1,120.0,5.0
ITEM-000050,ORD-00343,PROD-0017,5,120.0,10.0
ITEM-000051,ORD-00264,PROD-0023,-1,40.0,0.0
ITEM-000052,ORD-00204,PROD-0012,3,19.98,0.0
ITEM-000053,ORD-00333,PROD-0033,4,22.0,0.0
ITEM-000054,ORD-00391,PROD-0019,2,40.0,20.0
ITEM-000055,ORD-00172,PROD-0022,5,12.0,10.0
ITEM-000056,ORD-00415,PROD-0005,3,49.98,0.0
ITEM-000057,ORD-00322,PROD-0021,3,35.0,10.0
ITEM-000058,ORD-00405,PROD-0018,3,12.5,15.0
ITEM-000059,ORD-00534,PROD-0029,2,38.0,20.0
ITEM-000060,ORD-00024,PROD-0009,3,199.98,15.0
ITEM-000061,ORD-00082,PROD-0014,1,85.0,0.0
ITEM-000062,ORD-00066,PROD-0031,1,28.0,20.0
ITEM-000063,ORD-00407,PROD-0006,5,59.98,0.0
ITEM-000064,ORD-00087,PROD-0025,2,250.0,15.0
ITEM-000065,ORD-00291,PROD-0029,2,38.0,10.0
ITEM-000066,ORD-00175,PROD-0002,3,89.98,20.0
ITEM-000067,ORD-00334,PROD-0031,5,28.0,0.0
ITEM-000068,ORD-00562,PROD-0029,5,38.0,0.0
ITEM-000069,ORD-00468,PROD-0028,5,45.0,0.0
ITEM-000070,ORD-00356,PROD-0031,1,28.0,5.0
ITEM-000071,ORD-00316,PROD-0024,2,130.0,0.0
ITEM-000072,ORD-00011,PROD-0001,2,799.98,0.0
ITEM-000073,ORD-00294,PROD-0031,4,28.0,20.0
ITEM-000074,ORD-00489,PROD-0020,-2,180.0,20.0
ITEM-000075,ORD-00300,PROD-0015,5,55.0,0.0
ITEM-000076,ORD-00194,PROD-0027,4,75.0,5.0
ITEM-000077,ORD-00256,PROD-0011,4,65.0,20.0
ITEM-000078,ORD-00388,PROD-0015,4,55.0,15.0
ITEM-000079,ORD-00246,PROD-0018,5,12.5,20.0
ITEM-000080,ORD-00276,PROD-0027,1,75.0,0.0
ITEM-000081,ORD-00140,PROD-0019,4,40.0,10.0
ITEM-000082,ORD-00464,PROD-0018,4,12.5,0.0
ITEM-000083,ORD-00329,PROD-0002,5,89.98,0.0
ITEM-000084,ORD-00191,PROD-0007,2,29.98,15.0
ITEM-000085,ORD-00449,PROD-0001,2,799.98,0.0
ITEM-000086,ORD-00506,PROD-0014,3,85.0,20.0
ITEM-000087,ORD-00511,PROD-0024,1,130.0,0.0
ITEM-000088,ORD-00083,PROD-0010,4,499.98,0.0
ITEM-000089,ORD-00557,PROD-0031,3,28.0,20.0
ITEM-000090,ORD-00391,PROD-0001,2,799.98,5.0
ITEM-000091,ORD-00454,PROD-0016,1,25.0,0.0
ITEM-000092,ORD-00472,PROD-0007,2,29.98,5.0
ITEM-000093,ORD-00399,PROD-0020,2,180.0,15.0
ITEM-000094,ORD-00044,PROD-0008,3,69.98,0.0
ITEM-000095,ORD-00370,PROD-0004,2,119.98,0.0
ITEM-000096,ORD-00242,PROD-0028,2,45.0,20.0
ITEM-000097,ORD-00283,PROD-0008,2,69.98,0.0
ITEM-000098,ORD-00044,PROD-0031,2,28.0,0.0
ITEM-000099,ORD-00092,PROD-0016,1,25.0,15.0
ITEM-000100,ORD-00347,PROD-0004,2,119.98,15.0
ITEM-000101,ORD-00550,PROD-0007,2,29.98,0.0
ITEM-000102,ORD-00572,PROD-0023,4,40.0,15.0
ITEM-000103,ORD-00198,PROD-0002,3,89.98,15.0
ITEM-000104,ORD-00138,PROD-0017,4,120.0,15.0
ITEM-000105,ORD-00449,PROD-0019,4,40.0,0.0
ITEM-000106,ORD-00581,PROD-0012,3,19.98,15.0
ITEM-000107,ORD-00480,PROD-0018,5,12.5,20.0
ITEM-000108,ORD-00568,PROD-0011,2,65.0,5.0
ITEM-000109,ORD-00303,PROD-0017,4,120.0,0.0
ITEM-000110,ORD-00519,PROD-0025,1,250.0,10.0
ITEM-000111,ORD-00373,PROD-0016,1,25.0,15.0
ITEM-000112,ORD-00552,PROD-0025,4,250.0,20.0
ITEM-000113,ORD-00565,PROD-0010,3,499.98,5.0
ITEM-000114,ORD-00330,PROD-0008,1,69.98,0.0
ITEM-000115,ORD-00133,PROD-0012,2,19.98,0.0
ITEM-000116,ORD-00498,PROD-0013,5,45.0,15.0
ITEM-000117,ORD-00398,PROD-0032,5,52.0,0.0
ITEM-000118,ORD-00051,PROD-0024,1,130.0,0.0
ITEM-000119,ORD-00214,PROD-0032,1,52.0,5.0
ITEM-000120,ORD-00063,PROD-0024,4,130.0,20.0
ITEM-000121,ORD-00378,PROD-0004,3,119.98,10.0
ITEM-000122,ORD-00042,PROD-0005,1,49.98,0.0
ITEM-000123,ORD-00532,PROD-0007,2,29.98,10.0
ITEM-000124,ORD-00395,PROD-0013,2,45.0,10.0
ITEM-000125,ORD-00184,PROD-0027,5,75.0,0.0
ITEM-000126,ORD-00470,PROD-0028,2,45.0,20.0
ITEM-000127,ORD-00185,PROD-0026,2,22.0,10.0
ITEM-000128,ORD-00454,PROD-0023,5,40.0,0.0
ITEM-000129,ORD-00381,PROD-0027,4,75.0,20.0
ITEM-000130,ORD-00332,PROD-0016,2,25.0,5.0
ITEM-000131,ORD-00564,PROD-0017,4,120.0,5.0
ITEM-000132,ORD-00407,PROD-0001,3,799.98,10.0
ITEM-000133,ORD-00017,PROD-0009,3,199.98,0.0
ITEM-000134,ORD-00308,PROD-0015,3,55.0,0.0
ITEM-000135,ORD-00283,PROD-0033,5,22.0,0.0
ITEM-000136,ORD-00097,PROD-0003,2,349.98,0.0
ITEM-000137,ORD-00272,PROD-0024,2,130.0,0.0
ITEM-000138,ORD-00263,PROD-0020,4,180.0,10.0
ITEM-000139,ORD-00223,PROD-0005,4,49.98,0.0
ITEM-000140,ORD-00500,PROD-0007,3,29.98,0.0
ITEM-000141,ORD-00591,PROD-0025,1,250.0,20.0
ITEM-000142,ORD-00343,PROD-0023,4,40.0,5.0
ITEM-000143,ORD-00124,PROD-0015,5,55.0,0.0
ITEM-000144,ORD-00392,PROD-0004,1,119.98,0.0
ITEM-000145,ORD-00553,PROD-0010,2,499.98,0.0
ITEM-000146,ORD-00052,PROD-0026,5,22.0,10.0
ITEM-000147,ORD-00517,PROD-0006,3,59.98,20.0
ITEM-000148,ORD-00404,PROD-0010,1,499.98,5.0
ITEM-000149,ORD-00586,PROD-0004,3,119.98,0.0
ITEM-000150,ORD-00409,PROD-0033,2,22.0,20.0
ITEM-000151,ORD-00139,PROD-0031,4,28.0,5.0
ITEM-000152,ORD-00586,PROD-0013,5,45.0,0.0
ITEM-000153,ORD-00249,PROD-0005,4,49.98,0.0
ITEM-000154,ORD-00590,PROD-0006,4,59.98,5.0
ITEM-000155,ORD-00375,PROD-0023,3,40.0,10.0
ITEM-000156,ORD-00025,PROD-0020,3,180.0,10.0
ITEM-000157,ORD-00453,PROD-0010,2,499.98,0.0
ITEM-000158,ORD-00383,PROD-0010,1,499.98,0.0
ITEM-000159,ORD-00056,PROD-0016,2,25.0,20.0
ITEM-000160,ORD-00295,PROD-0001,1,799.98,0.0
ITEM-000161,ORD-00461,PROD-0031,-1,28.0,15.0
ITEM-000162,ORD-00551,PROD-0014,5,85.0,20.0
ITEM-000163,ORD-00265,PROD-0031,2,28.0,15.0
ITEM-000164,ORD-00019,PROD-0025,5,250.0,0.0
ITEM-000165,ORD-00262,PROD-0011,2,65.0,20.0
ITEM-000166,ORD-00278,PROD-0004,1,119.98,0.0
ITEM-000167,ORD-00398,PROD-0018,3,12.5,20.0
ITEM-000168,ORD-00111,PROD-0002,4,89.98,0.0
ITEM-000169,ORD-00390,PROD-0033,1,22.0,0.0
ITEM-000170,ORD-00497,PROD-0006,5,59.98,5.0
ITEM-000171,ORD-00575,PROD-0002,5,89.98,0.0
ITEM-000172,ORD-00342,PROD-0032,2,52.0,0.0
ITEM-000173,ORD-00356,PROD-0023,3,40.0,0.0
ITEM-000174,ORD-00514,PROD-0018,3,12.5,5.0
ITEM-000175,ORD-00031,PROD-0018,3,12.5,5.0
ITEM-000176,ORD-00141,PROD-0006,5,59.98,15.0
ITEM-000177,ORD-00233,PROD-0027,2,75.0,5.0
ITEM-000178,ORD-00320,PROD-0022,2,12.0,0.0
ITEM-000179,ORD-00142,PROD-0013,3,45.0,15.0
ITEM-000180,ORD-00537,PROD-0009,2,199.98,15.0
ITEM-000181,ORD-00579,PROD-0011,5,65.0,10.0
ITEM-000182,ORD-00122,PROD-0012,2,19.98,15.0
ITEM-000183,ORD-00031,PROD-0021,4,35.0,5.0
ITEM-000184,ORD-00311,PROD-0029,3,38.0,0.0
ITEM-000185,ORD-00193,PROD-0007,1,29.98,20.0
ITEM-000186,ORD-00274,PROD-0015,2,55.0,15.0
ITEM-000187,ORD-00027,PROD-0023,4,40.0,0.0
ITEM-000188,ORD-00515,PROD-0031,3,28.0,0.0
ITEM-000189,ORD-00397,PROD-0032,2,52.0,0.0
ITEM-000190,ORD-00232,PROD-0003,1,349.98,0.0
ITEM-000191,ORD-00423,PROD-0015,2,55.0,20.0
ITEM-000192,ORD-00210,PROD-0005,4,49.98,20.0
ITEM-000193,ORD-00502,PROD-0021,2,35.0,5.0
ITEM-000194,ORD-00415,PROD-0003,4,349.98,15.0
ITEM-000195,ORD-00321,PROD-0026,5,22.0,10.0
ITEM-000196,ORD-00550,PROD-0003,4,349.98,5.0
ITEM-000197,ORD-00044,PROD-0016,4,25.0,15.0
ITEM-000198,ORD-00041,PROD-0025,1,250.0,0.0
ITEM-000199,ORD-00299,PROD-0029,3,38.0,20.0
ITEM-000200,ORD-00293,PROD-0030,3,32.0,10.0
ITEM-000201,ORD-00056,PROD-0010,4,499.98,0.0
ITEM-000202,ORD-00513,PROD-0008,5,69.98,15.0
ITEM-000203,ORD-00560,PROD-0009,3,199.98,5.0
ITEM-000204,ORD-00026,PROD-0012,2,19.98,5.0
ITEM-000205,ORD-00093,PROD-0017,2,120.0,15.0
ITEM-000206,ORD-00127,PROD-0006,4,59.98,15.0
ITEM-000207,ORD-00372,PROD-0006,4,59.98,15.0
ITEM-000208,ORD-00524,PROD-0011,4,65.0,0.0
ITEM-000209,ORD-00175,PROD-0022,2,12.0,0.0
ITEM-000210,ORD-00149,PROD-0012,1,19.98,5.0
ITEM-000211,ORD-00316,PROD-0020,4,180.0,0.0
ITEM-000212,ORD-00186,PROD-0008,2,69.98,0.0
ITEM-000213,ORD-00260,PROD-0001,4,799.98,10.0
ITEM-000214,ORD-00006,PROD-0032,5,52.0,15.0
ITEM-000215,ORD-00488,PROD-0030,1,32.0,10.0
ITEM-000216,ORD-00007,PROD-0016,3,25.0,10.0
ITEM-000217,ORD-00571,PROD-0014,2,85.0,0.0
ITEM-000218,ORD-00358,PROD-0003,1,349.98,15.0
ITEM-000219,ORD-00592,PROD-0020,1,180.0,0.0
ITEM-000220,ORD-00112,PROD-0027,2,75.0,15.0
ITEM-000221,ORD-00292,PROD-0012,5,19.98,0.0
ITEM-000222,ORD-00037,PROD-0006,3,59.98,0.0
ITEM-000223,ORD-00389,PROD-0005,5,49.98,0.0
ITEM-000224,ORD-00300,PROD-0031,3,28.0,0.0
ITEM-000225,ORD-00540,PROD-0027,2,75.0,10.0
ITEM-000226,ORD-00060,PROD-0007,5,29.98,0.0
ITEM-000227,ORD-00496,PROD-0019,3,40.0,0.0
ITEM-000228,ORD-00539,PROD-0023,5,40.0,10.0
ITEM-000229,ORD-00509,PROD-0032,2,52.0,10.0
ITEM-000230,ORD-00239,PROD-0019,1,40.0,0.0
ITEM-000231,ORD-00025,PROD-0030,1,32.0,15.0
ITEM-000232,ORD-00213,PROD-0027,3,75.0,0.0
ITEM-000233,ORD-00574,PROD-0014,-1,85.0,15.0
ITEM-000234,ORD-00289,PROD-0017,3,120.0,0.0
ITEM-000235,ORD-00519,PROD-0021,1,35.0,15.0
ITEM-000236,ORD-00342,PROD-0022,5,12.0,10.0
ITEM-000237,ORD-00030,PROD-0012,3,19.98,15.0
ITEM-000238,ORD-00491,PROD-0031,2,28.0,5.0
ITEM-000239,ORD-00160,PROD-0030,5,32.0,0.0
ITEM-000240,ORD-00474,PROD-0027,1,75.0,20.0
ITEM-000241,ORD-00534,PROD-0020,3,180.0,10.0
ITEM-000242,ORD-00549,PROD-0002,3,89.98,20.0
ITEM-000243,ORD-00363,PROD-0005,3,49.98,20.0
ITEM-000244,ORD-00032,PROD-0022,5,12.0,20.0
ITEM-000245,ORD-00170,PROD-0025,1,250.0,20.0
ITEM-000246,ORD-00316,PROD-0021,3,35.0,5.0
ITEM-000247,ORD-00089,PROD-0032,3,52.0,5.0
ITEM-000248,ORD-00310,PROD-0014,2,85.0,0.0
ITEM-000249,ORD-00384,PROD-0003,1,349.98,5.0
ITEM-000250,ORD-00519,PROD-0002,5,89.98,0.0
ITEM-000251,ORD-00195,PROD-0022,5,12.0,0.0
ITEM-000252,ORD-00336,PROD-0010,1,499.98,20.0
ITEM-000253,ORD-00529,PROD-0009,1,199.98,5.0
ITEM-000254,ORD-00397,PROD-0008,-1,69.98,15.0
ITEM-000255,ORD-00090,PROD-0022,1,12.0,0.0
ITEM-000256,ORD-00534,PROD-0020,-2,180.0,15.0
ITEM-000257,ORD-00215,PROD-0021,3,35.0,0.0
ITEM-000258,ORD-00546,PROD-0021,1,35.0,0.0
ITEM-000259,ORD-00153,PROD-0011,1,65.0,10.0
ITEM-000260,ORD-00574,PROD-0033,5,22.0,0.0
ITEM-000261,ORD-00563,PROD-0021,3,35.0,10.0
ITEM-000262,ORD-00251,PROD-0011,5,65.0,0.0
ITEM-000263,ORD-00554,PROD-0029,1,38.0,5.0
ITEM-000264,ORD-00052,PROD-0007,1,29.98,5.0
ITEM-000265,ORD-00402,PROD-0012,5,19.98,15.0
ITEM-000266,ORD-00457,PROD-0023,2,40.0,15.0
ITEM-000267,ORD-00547,PROD-0006,4,59.98,10.0
ITEM-000268,ORD-00135,PROD-0006,4,59.98,0.0
ITEM-000269,ORD-00467,PROD-0020,4,180.0,5.0
ITEM-000270,ORD-00238,PROD-0015,5,55.0,0.0
ITEM-000271,ORD-00373,PROD-0026,3,22.0,20.0
ITEM-000272,ORD-00333,PROD-0030,1,32.0,5.0
ITEM-000273,ORD-00116,PROD-0023,2,40.0,0.0
ITEM-000274,ORD-00357,PROD-0009,4,199.98,20.0
ITEM-000275,ORD-00110,PROD-0021,1,35.0,20.0
ITEM-000276,ORD-00310,PROD-0030,4,32.0,0.0
ITEM-000277,ORD-00250,PROD-0011,4,65.0,0.0
ITEM-000278,ORD-00349,PROD-0014,5,85.0,5.0
ITEM-000279,ORD-00446,PROD-0022,2,12.0,0.0
ITEM-000280,ORD-00080,PROD-0032,5,52.0,5.0
ITEM-000281,ORD-00334,PROD-0007,2,29.98,0.0
ITEM-000282,ORD-00416,PROD-0005,5,49.98,20.0
ITEM-000283,ORD-00389,PROD-0021,1,35.0,0.0
ITEM-000284,ORD-00223,PROD-0009,1,199.98,20.0
ITEM-000285,ORD-00151,PROD-0010,3,499.98,5.0
ITEM-000286,ORD-00592,PROD-0029,3,38.0,0.0
ITEM-000287,ORD-00584,PROD-0020,4,180.0,15.0
ITEM-000288,ORD-00353,PROD-0006,5,59.98,10.0
ITEM-000289,ORD-00414,PROD-0009,1,199.98,0.0
ITEM-000290,ORD-00563,PROD-0004,-3,119.98,20.0
ITEM-000291,ORD-00368,PROD-0008,1,69.98,0.0
ITEM-000292,ORD-00443,PROD-0026,4,22.0,5.0
ITEM-000293,ORD-00391,PROD-0028,2,45.0,5.0
ITEM-000294,ORD-00143,PROD-0013,3,45.0,20.0
ITEM-000295,ORD-00428,PROD-0010,2,499.98,0.0
ITEM-000296,ORD-00012,PROD-0005,2,49.98,15.0
ITEM-000297,ORD-00499,PROD-0028,2,45.0,0.0
ITEM-000298,ORD-00141,PROD-0027,5,75.0,5.0
ITEM-000299,ORD-00185,PROD-0030,5,32.0,20.0
ITEM-000300,ORD-00461,PROD-0025,2,250.0,5.0
ITEM-000301,ORD-00008,PROD-0032,2,52.0,15.0
ITEM-000302,ORD-00514,PROD-0018,5,12.5,10.0
ITEM-000303,ORD-00376,PROD-0003,5,349.98,5.0
ITEM-000304,ORD-00378,PROD-0008,1,69.98,0.0
ITEM-000305,ORD-00540,PROD-0018,1,12.5,10.0
ITEM-000306,ORD-00091,PROD-0016,1,25.0,15.0
ITEM-000307,ORD-00553,PROD-0020,3,180.0,10.0
ITEM-000308,ORD-00012,PROD-0031,4,28.0,10.0
ITEM-000309,ORD-00340,PROD-0027,3,75.0,0.0
ITEM-000310,ORD-00172,PROD-0003,5,349.98,15.0
ITEM-000311,ORD-00312,PROD-0017,4,120.0,10.0
ITEM-000312,ORD-00174,PROD-0004,3,119.98,20.0
ITEM-000313,ORD-00028,PROD-0019,2,40.0,10.0
ITEM-000314,ORD-00079,PROD-0018,5,12.5,0.0
ITEM-000315,ORD-00282,PROD-0017,-1,120.0,10.0
ITEM-000316,ORD-00179,PROD-0010,3,499.98,20.0
ITEM-000317,ORD-00180,PROD-0017,2,120.0,5.0
ITEM-000318,ORD-00186,PROD-0003,1,349.98,0.0
ITEM-000319,ORD-00158,PROD-0032,4,52.0,20.0
ITEM-000320,ORD-00393,PROD-0016,2,25.0,0.0
ITEM-000321,ORD-00592,PROD-0023,3,40.0,20.0
ITEM-000322,ORD-00119,PROD-0004,4,119.98,5.0
ITEM-000323,ORD-00309,PROD-0031,5,28.0,0.0
ITEM-000324,ORD-00389,PROD-0025,2,250.0,10.0
ITEM-000325,ORD-00446,PROD-0001,4,799.98,5.0
ITEM-000326,ORD-00324,PROD-0003,5,349.98,15.0
ITEM-000327,ORD-00363,PROD-0028,3,45.0,0.0
ITEM-000328,ORD-00277,PROD-0018,3,12.5,15.0
ITEM-000329,ORD-00599,PROD-0026,2,22.0,15.0
ITEM-000330,ORD-00200,PROD-0022,2,12.0,0.0
ITEM-000331,ORD-00561,PROD-0001,1,799.98,0.0
ITEM-000332,ORD-00422,PROD-0007,4,29.98,0.0
ITEM-000333,ORD-00225,PROD-0019,1,40.0,0.0
ITEM-000334,ORD-00095,PROD-0004,2,119.98,10.0
ITEM-000335,ORD-00125,PROD-0008,5,69.98,0.0
ITEM-000336,ORD-00385,PROD-0012,2,19.98,0.0
ITEM-000337,ORD-00302,PROD-0030,1,32.0,15.0
ITEM-000338,ORD-00465,PROD-0018,3,12.5,0.0
ITEM-000339,ORD-00166,PROD-0005,1,49.98,5.0
ITEM-000340,ORD-00398,PROD-0022,3,12.0,20.0
ITEM-000341,ORD-00272,PROD-0012,4,19.98,0.0
ITEM-000342,ORD-00403,PROD-0012,1,19.98,0.0
ITEM-000343,ORD-00554,PROD-0028,1,45.0,5.0
ITEM-000344,ORD-00266,PROD-0007,1,29.98,10.0
ITEM-000345,ORD-00257,PROD-0029,-2,38.0,0.0
ITEM-000346,ORD-00001,PROD-0003,3,349.98,0.0
ITEM-000347,ORD-00338,PROD-0026,5,22.0,15.0
ITEM-000348,ORD-00503,PROD-0031,1,28.0,10.0
ITEM-000349,ORD-00232,PROD-0001,4,799.98,0.0
ITEM-000350,ORD-00581,PROD-0023,3,40.0,5.0
ITEM-000351,ORD-00057,PROD-0006,3,59.98,0.0
ITEM-000352,ORD-00471,PROD-0019,2,40.0,10.0
ITEM-000353,ORD-00041,PROD-0025,3,250.0,15.0
ITEM-000354,ORD-00400,PROD-0007,3,29.98,5.0
ITEM-000355,ORD-00087,PROD-0029,2,38.0,0.0
ITEM-000356,ORD-00198,PROD-0002,5,89.98,0.0
ITEM-000357,ORD-00501,PROD-0025,5,250.0,15.0
ITEM-000358,ORD-00316,PROD-0032,4,52.0,0.0
ITEM-000359,ORD-00038,PROD-0022,1,12.0,5.0
ITEM-000360,ORD-00122,PROD-0014,5,85.0,5.0
ITEM-000361,ORD-00550,PROD-0010,2,499.98,0.0
ITEM-000362,ORD-00038,PROD-0010,1,499.98,5.0
ITEM-000363,ORD-00047,PROD-0016,2,25.0,0.0
ITEM-000364,ORD-00177,PROD-0004,1,119.98,5.0
ITEM-000365,ORD-00175,PROD-0005,1,49.98,0.0
ITEM-000366,ORD-00510,PROD-0015,2,55.0,5.0
ITEM-000367,ORD-00346,PROD-0026,5,22.0,10.0
ITEM-000368,ORD-00141,PROD-0021,2,35.0,20.0
ITEM-000369,ORD-00047,PROD-0012,1,19.98,0.0
ITEM-000370,ORD-00145,PROD-0027,3,75.0,10.0
ITEM-000371,ORD-00169,PROD-0029,5,38.0,0.0
ITEM-000372,ORD-00137,PROD-0007,5,29.98,5.0
ITEM-000373,ORD-00162,PROD-0002,1,89.98,0.0
ITEM-000374,ORD-00008,PROD-0012,5,19.98,0.0
ITEM-000375,ORD-00427,PROD-0031,2,28.0,0.0
ITEM-000376,ORD-00278,PROD-0029,2,38.0,10.0
ITEM-000377,ORD-00039,PROD-0012,5,19.98,0.0
ITEM-000378,ORD-00309,PROD-0023,5,40.0,0.0
ITEM-000379,ORD-00197,PROD-0008,1,69.98,10.0
ITEM-000380,ORD-00371,PROD-0033,2,22.0,0.0
ITEM-000381,ORD-00055,PROD-0013,2,45.0,15.0
ITEM-000382,ORD-00486,PROD-0032,1,52.0,0.0
ITEM-000383,ORD-00373,PROD-0019,3,40.0,0.0
ITEM-000384,ORD-00465,PROD-0003,1,349.98,10.0
ITEM-000385,ORD-00181,PROD-0011,4,65.0,10.0
ITEM-000386,ORD-00119,PROD-0005,4,49.98,10.0
ITEM-000387,ORD-00594,PROD-0021,3,35.0,0.0
ITEM-000388,ORD-00113,PROD-0021,2,35.0,15.0
ITEM-000389,ORD-00423,PROD-0013,2,45.0,0.0
ITEM-000390,ORD-00483,PROD-0032,4,52.0,0.0
ITEM-000391,ORD-00222,PROD-0030,3,32.0,0.0
ITEM-000392,ORD-00469,PROD-0013,3,45.0,0.0
ITEM-000393,ORD-00344,PROD-0009,5,199.98,0.0
ITEM-000394,ORD-00288,PROD-0009,4,199.98,5.0
ITEM-000395,ORD-00429,PROD-0011,2,65.0,0.0
ITEM-000396,ORD-00161,PROD-0011,5,65.0,20.0
ITEM-000397,ORD-00236,PROD-0006,5,59.98,5.0
ITEM-000398,ORD-00222,PROD-0031,3,28.0,0.0
ITEM-000399,ORD-00439,PROD-0016,4,25.0,10.0
ITEM-000400,ORD-00228,PROD-0010,1,499.98,5.0
ITEM-000401,ORD-00046,PROD-0003,5,349.98,0.0
ITEM-000402,ORD-00436,PROD-0026,1,22.0,5.0
ITEM-000403,ORD-00508,PROD-0016,1,25.0,15.0
ITEM-000404,ORD-00417,PROD-0014,3,85.0,0.0
ITEM-000405,ORD-00093,PROD-0002,3,89.98,0.0
ITEM-000406,ORD-00471,PROD-0002,4,89.98,20.0
ITEM-000407,ORD-00142,PROD-0026,3,22.0,15.0
ITEM-000408,ORD-00476,PROD-0001,1,799.98,5.0
ITEM-000409,ORD-00341,PROD-0003,3,349.98,15.0
ITEM-000410,ORD-00556,PROD-0014,1,85.0,10.0
ITEM-000411,ORD-00344,PROD-0004,3,119.98,0.0
ITEM-000412,ORD-00114,PROD-0025,5,250.0,0.0
ITEM-000413,ORD-00375,PROD-0024,5,130.0,15.0
ITEM-000414,ORD-00069,PROD-0014,3,85.0,0.0
ITEM-000415,ORD-00553,PROD-0008,5,69.98,20.0
ITEM-000416,ORD-00215,PROD-0015,3,55.0,10.0
ITEM-000417,ORD-00434,PROD-0018,3,12.5,0.0
ITEM-000418,ORD-00464,PROD-0032,1,52.0,5.0
ITEM-000419,ORD-00545,PROD-0019,3,40.0,20.0
ITEM-000420,ORD-00068,PROD-0013,4,45.0,0.0
ITEM-000421,ORD-00083,PROD-0026,3,22.0,0.0
ITEM-000422,ORD-00112,PROD-0011,2,65.0,5.0
ITEM-000423,ORD-00155,PROD-0014,1,85.0,0.0
ITEM-000424,ORD-00427,PROD-0009,4,199.98,5.0
ITEM-000425,ORD-00022,PROD-0019,1,40.0,20.0
ITEM-000426,ORD-00238,PROD-0022,3,12.0,15.0
ITEM-000427,ORD-00335,PROD-0032,5,52.0,20.0
ITEM-000428,ORD-00562,PROD-0029,5,38.0,0.0
ITEM-000429,ORD-00314,PROD-0011,2,65.0,5.0
ITEM-000430,ORD-00381,PROD-0019,1,40.0,0.0
ITEM-000431,ORD-00362,PROD-0019,2,40.0,10.0
ITEM-000432,ORD-00165,PROD-0019,2,40.0,20.0
ITEM-000433,ORD-00158,PROD-0011,1,65.0,0.0
ITEM-000434,ORD-00589,PROD-0009,3,199.98,0.0
ITEM-000435,ORD-00211,PROD-0003,3,349.98,0.0
ITEM-000436,ORD-00382,PROD-0029,2,38.0,10.0
ITEM-000437,ORD-00309,PROD-0008,4,69.98,5.0
ITEM-000438,ORD-00149,PROD-0030,2,32.0,0.0
ITEM-000439,ORD-00560,PROD-0033,3,22.0,5.0
ITEM-000440,ORD-00297,PROD-0010,4,499.98,0.0
ITEM-000441,ORD-00116,PROD-0031,2,28.0,15.0
ITEM-000442,ORD-00565,PROD-0008,4,69.98,10.0
ITEM-000443,ORD-00226,PROD-0029,3,38.0,0.0
ITEM-000444,ORD-00200,PROD-0015,3,55.0,0.0
ITEM-000445,ORD-00024,PROD-0006,4,59.98,15.0
ITEM-000446,ORD-00090,PROD-0033,4,22.0,0.0
ITEM-000447,ORD-00524,PROD-0004,3,119.98,5.0
ITEM-000448,ORD-00152,PROD-0028,3,45.0,0.0
ITEM-000449,ORD-00292,PROD-0023,4,40.0,20.0
ITEM-000450,ORD-00575,PROD-0006,4,59.98,15.0
ITEM-000451,ORD-00426,PROD-0029,4,38.0,15.0
ITEM-000452,ORD-00425,PROD-0009,5,199.98,0.0
ITEM-000453,ORD-00148,PROD-0014,5,85.0,0.0
ITEM-000454,ORD-00068,PROD-0025,4,250.0,15.0
ITEM-000455,ORD-00280,PROD-0027,4,75.0,15.0
ITEM-000456,ORD-00582,PROD-0009,4,199.98,0.0
ITEM-000457,ORD-00568,PROD-0032,3,52.0,20.0
ITEM-000458,ORD-00600,PROD-0020,4,180.0,0.0
ITEM-000459,ORD-00028,PROD-0001,3,799.98,15.0
ITEM-000460,ORD-00484,PROD-0008,3,69.98,5.0
ITEM-000461,ORD-00184,PROD-0032,2,52.0,0.0
ITEM-000462,ORD-00123,PROD-0018,1,12.5,10.0
ITEM-000463,ORD-00371,PROD-0031,3,28.0,15.0
ITEM-000464,ORD-00488,PROD-0008,5,69.98,0.0
ITEM-000465,ORD-00266,PROD-0011,2,65.0,0.0
ITEM-000466,ORD-00473,PROD-0009,1,199.98,0.0
ITEM-000467,ORD-00370,PROD-0027,3,75.0,0.0
ITEM-000468,ORD-00297,PROD-0019,1,40.0,10.0
ITEM-000469,ORD-00199,PROD-0012,5,19.98,20.0
ITEM-000470,ORD-00172,PROD-0021,3,35.0,0.0
ITEM-000471,ORD-00372,PROD-0007,3,29.98,20.0
ITEM-000472,ORD-00148,PROD-0001,3,799.98,0.0
ITEM-000473,ORD-00497,PROD-0027,2,75.0,0.0
ITEM-000474,ORD-00224,PROD-0010,2,499.98,20.0
ITEM-000475,ORD-00573,PROD-0008,1,69.98,0.0
ITEM-000476,ORD-00135,PROD-0002,3,89.98,15.0
ITEM-000477,ORD-00372,PROD-0009,5,199.98,10.0
ITEM-000478,ORD-00351,PROD-0012,1,19.98,15.0
ITEM-000479,ORD-00122,PROD-0015,2,55.0,15.0
ITEM-000480,ORD-00233,PROD-0020,2,180.0,0.0
ITEM-000481,ORD-00436,PROD-0008,4,69.98,20.0
ITEM-000482,ORD-00442,PROD-0003,1,349.98,20.0
ITEM-000483,ORD-00526,PROD-0004,3,119.98,0.0
ITEM-000484,ORD-00068,PROD-0020,1,180.0,20.0
ITEM-000485,ORD-00127,PROD-0014,2,85.0,0.0
ITEM-000486,ORD-00360,PROD-0002,3,89.98,10.0
ITEM-000487,ORD-00357,PROD-0023,5,40.0,20.0
ITEM-000488,ORD-00248,PROD-0033,1,22.0,20.0
ITEM-000489,ORD-00593,PROD-0001,2,799.98,0.0
ITEM-000490,ORD-00176,PROD-0001,1,799.98,0.0
ITEM-000491,ORD-00517,PROD-0031,5,28.0,0.0
ITEM-000492,ORD-00451,PROD-0007,3,29.98,5.0
ITEM-000493,ORD-00435,PROD-0014,4,85.0,0.0
ITEM-000494,ORD-00322,PROD-0008,5,69.98,0.0
ITEM-000495,ORD-00508,PROD-0024,5,130.0,15.0
ITEM-000496,ORD-00042,PROD-0006,1,59.98,5.0
ITEM-000497,ORD-00291,PROD-0030,3,32.0,15.0
ITEM-000498,ORD-00455,PROD-0015,3,55.0,20.0
ITEM-000499,ORD-00439,PROD-0013,4,45.0,15.0
ITEM-000500,ORD-00377,PROD-0012,-3,19.98,5.0
ITEM-000501,ORD-00108,PROD-0026,1,22.0,0.0
ITEM-000502,ORD-00147,PROD-0026,5,22.0,0.0
ITEM-000503,ORD-00173,PROD-0005,2,49.98,0.0
ITEM-000504,ORD-00206,PROD-0026,4,22.0,15.0
ITEM-000505,ORD-00512,PROD-0018,5,12.5,10.0
ITEM-000506,ORD-00280,PROD-0026,5,22.0,5.0
ITEM-000507,ORD-00497,PROD-0033,4,22.0,0.0
ITEM-000508,ORD-00126,PROD-0017,2,120.0,15.0
ITEM-000509,ORD-00138,PROD-0002,1,89.98,20.0
ITEM-000510,ORD-00070,PROD-0032,2,52.0,5.0
ITEM-000511,ORD-00335,PROD-0010,5,499.98,0.0
ITEM-000512,ORD-00079,PROD-0032,2,52.0,0.0
ITEM-000513,ORD-00510,PROD-0032,5,52.0,0.0
ITEM-000514,ORD-00554,PROD-0002,1,89.98,5.0
ITEM-000515,ORD-00122,PROD-0025,4,250.0,5.0
ITEM-000516,ORD-00471,PROD-0003,5,349.98,15.0
ITEM-000517,ORD-00311,PROD-0011,2,65.0,0.0
ITEM-000518,ORD-00399,PROD-0032,5,52.0,15.0
ITEM-000519,ORD-00503,PROD-0031,2,28.0,10.0
ITEM-000520,ORD-00058,PROD-0026,5,22.0,5.0
ITEM-000521,ORD-00362,PROD-0019,1,40.0,10.0
ITEM-000522,ORD-00047,PROD-0009,3,199.98,20.0
ITEM-000523,ORD-00598,PROD-0002,3,89.98,5.0
ITEM-000524,ORD-00100,PROD-0028,3,45.0,5.0
ITEM-000525,ORD-00360,PROD-0004,2,119.98,0.0
ITEM-000526,ORD-00320,PROD-0006,1,59.98,20.0
ITEM-000527,ORD-00313,PROD-0008,1,69.98,10.0
ITEM-000528,ORD-00334,PROD-0003,4,349.98,10.0
ITEM-000529,ORD-00528,PROD-0027,4,75.0,10.0
ITEM-000530,ORD-00023,PROD-0021,4,35.0,0.0
ITEM-000531,ORD-00587,PROD-0007,1,29.98,15.0
ITEM-000532,ORD-00211,PROD-0022,3,12.0,0.0
ITEM-000533,ORD-00307,PROD-0024,2,130.0,5.0
ITEM-000534,ORD-00078,PROD-0014,1,85.0,0.0
ITEM-000535,ORD-00588,PROD-0026,5,22.0,15.0
ITEM-000536,ORD-00095,PROD-0007,3,29.98,0.0
ITEM-000537,ORD-00581,PROD-0031,3,28.0,20.0
ITEM-000538,ORD-00079,PROD-0020,3,180.0,5.0
ITEM-000539,ORD-00553,PROD-0021,4,35.0,0.0
ITEM-000540,ORD-00528,PROD-0030,5,32.0,0.0
ITEM-000541,ORD-00020,PROD-0012,2,19.98,15.0
ITEM-000542,ORD-00479,PROD-0018,5,12.5,20.0
ITEM-000543,ORD-00445,PROD-0004,3,119.98,5.0
ITEM-000544,ORD-00152,PROD-0016,3,25.0,20.0
ITEM-000545,ORD-00446,PROD-0027,1,75.0,15.0
ITEM-000546,ORD-00209,PROD-0027,3,75.0,15.0
ITEM-000547,ORD-00165,PROD-0017,2,120.0,5.0
ITEM-000548,ORD-00245,PROD-0008,1,69.98,0.0
ITEM-000549,ORD-00318,PROD-0030,4,32.0,5.0
ITEM-000550,ORD-00038,PROD-0013,2,45.0,0.0
ITEM-000551,ORD-00265,PROD-0018,2,12.5,15.0
ITEM-000552,ORD-00044,PROD-0032,1,52.0,20.0
ITEM-000553,ORD-00086,PROD-0021,1,35.0,5.0
ITEM-000554,ORD-00373,PROD-0006,2,59.98,0.0
ITEM-000555,ORD-00115,PROD-0033,5,22.0,15.0
ITEM-000556,ORD-00595,PROD-0017,1,120.0,0.0
ITEM-000557,ORD-00126,PROD-0021,5,35.0,15.0
ITEM-000558,ORD-00400,PROD-0016,2,25.0,0.0
ITEM-000559,ORD-00110,PROD-0012,3,19.98,5.0
ITEM-000560,ORD-00419,PROD-0017,1,120.0,5.0
ITEM-000561,ORD-00547,PROD-0024,1,130.0,0.0
ITEM-000562,ORD-00559,PROD-0028,2,45.0,0.0
ITEM-000563,ORD-00149,PROD-0024,3,130.0,20.0
ITEM-000564,ORD-00316,PROD-0002,5,89.98,0.0
ITEM-000565,ORD-00056,PROD-0016,4,25.0,0.0
ITEM-000566,ORD-00372,PROD-0008,2,69.98,20.0
ITEM-000567,ORD-00454,PROD-0025,-2,250.0,0.0
ITEM-000568,ORD-00309,PROD-0006,2,59.98,0.0
ITEM-000569,ORD-00216,PROD-0011,3,65.0,20.0
ITEM-000570,ORD-00417,PROD-0003,1,349.98,20.0
ITEM-000571,ORD-00504,PROD-0031,3,28.0,15.0
ITEM-000572,ORD-00433,PROD-0007,3,29.98,10.0
ITEM-000573,ORD-00068,PROD-0023,5,40.0,15.0
ITEM-000574,ORD-00335,PROD-0030,1,32.0,15.0
ITEM-000575,ORD-00189,PROD-0029,2,38.0,0.0
ITEM-000576,ORD-00411,PROD-0013,3,45.0,10.0
ITEM-000577,ORD-00085,PROD-0008,5,69.98,15.0
ITEM-000578,ORD-00134,PROD-0027,3,75.0,5.0
ITEM-000579,ORD-00490,PROD-0009,5,199.98,20.0
ITEM-000580,ORD-00336,PROD-0019,4,40.0,0.0
ITEM-000581,ORD-00187,PROD-0026,5,22.0,0.0
ITEM-000582,ORD-00022,PROD-0002,5,89.98,15.0
ITEM-000583,ORD-00235,PROD-0006,2,59.98,0.0
ITEM-000584,ORD-00173,PROD-0004,4,119.98,10.0
ITEM-000585,ORD-00267,PROD-0010,3,499.98,0.0
ITEM-000586,ORD-00581,PROD-0008,-3,69.98,5.0
ITEM-000587,ORD-00465,PROD-0032,2,52.0,0.0
ITEM-000588,ORD-00273,PROD-0019,4,40.0,0.0
ITEM-000589,ORD-00442,PROD-0014,3,85.0,15.0
ITEM-000590,ORD-00194,PROD-0027,2,75.0,0.0
ITEM-000591,ORD-00298,PROD-0017,4,120.0,0.0
ITEM-000592,ORD-00379,PROD-0030,4,32.0,0.0
ITEM-000593,ORD-00332,PROD-0026,4,22.0,15.0
ITEM-000594,ORD-00434,PROD-0017,5,120.0,0.0
ITEM-000595,ORD-00054,PROD-0022,4,12.0,0.0
ITEM-000596,ORD-00047,PROD-0001,5,799.98,5.0
ITEM-000597,ORD-00310,PROD-0026,2,22.0,10.0
ITEM-000598,ORD-00043,PROD-0012,5,19.98,5.0
ITEM-000599,ORD-00348,PROD-0030,3,32.0,15.0
ITEM-000600,ORD-00544,PROD-0028,1,45.0,0.0
ITEM-000601,ORD-00046,PROD-0009,3,199.98,15.0
ITEM-000602,ORD-00370,PROD-0028,3,45.0,10.0
ITEM-000603,ORD-00271,PROD-0021,2,35.0,0.0
ITEM-000604,ORD-00504,PROD-0010,4,499.98,0.0
ITEM-000605,ORD-00194,PROD-0010,2,499.98,0.0
ITEM-000606,ORD-00482,PROD-0017,4,120.0,5.0
ITEM-000607,ORD-00119,PROD-0032,3,52.0,15.0
ITEM-000608,ORD-00575,PROD-0032,1,52.0,20.0
ITEM-000609,ORD-00152,PROD-0008,2,69.98,20.0
ITEM-000610,ORD-00291,PROD-0012,5,19.98,20.0
ITEM-000611,ORD-00280,PROD-0014,1,85.0,10.0
ITEM-000612,ORD-00585,PROD-0012,1,19.98,0.0
ITEM-000613,ORD-00511,PROD-0007,1,29.98,0.0
ITEM-000614,ORD-00125,PROD-0026,1,22.0,20.0
ITEM-000615,ORD-00332,PROD-0010,-2,499.98,20.0
ITEM-000616,ORD-00492,PROD-0030,3,32.0,10.0
ITEM-000617,ORD-00006,PROD-0022,5,12.0,5.0
ITEM-000618,ORD-00333,PROD-0009,1,199.98,20.0
ITEM-000619,ORD-00290,PROD-0021,1,35.0,10.0
ITEM-000620,ORD-00391,PROD-0006,2,59.98,0.0
ITEM-000621,ORD-00409,PROD-0006,-1,59.98,0.0
ITEM-000622,ORD-00398,PROD-0026,2,22.0,0.0
ITEM-000623,ORD-00306,PROD-0032,3,52.0,15.0
ITEM-000624,ORD-00135,PROD-0023,3,40.0,10.0
ITEM-000625,ORD-00205,PROD-0032,4,52.0,5.0
ITEM-000626,ORD-00275,PROD-0028,4,45.0,20.0
ITEM-000627,ORD-00378,PROD-0012,4,19.98,0.0
ITEM-000628,ORD-00042,PROD-0033,4,22.0,15.0
ITEM-000629,ORD-00230,PROD-0010,5,499.98,15.0
ITEM-000630,ORD-00538,PROD-0006,4,59.98,0.0
ITEM-000631,ORD-00490,PROD-0020,2,180.0,15.0
ITEM-000632,ORD-00308,PROD-0016,3,25.0,10.0
ITEM-000633,ORD-00049,PROD-0005,5,49.98,0.0
ITEM-000634,ORD-00523,PROD-0028,4,45.0,15.0
ITEM-000635,ORD-00583,PROD-0017,5,120.0,0.0
ITEM-000636,ORD-00516,PROD-0002,4,89.98,0.0
ITEM-000637,ORD-00187,PROD-0026,4,22.0,15.0
ITEM-000638,ORD-00305,PROD-0021,4,35.0,20.0
ITEM-000639,ORD-00461,PROD-0017,2,120.0,0.0
ITEM-000640,ORD-00190,PROD-0006,5,59.98,0.0
ITEM-000641,ORD-00109,PROD-0028,1,45.0,5.0
ITEM-000642,ORD-00120,PROD-0001,4,799.98,5.0
ITEM-000643,ORD-00415,PROD-0032,5,52.0,0.0
ITEM-000644,ORD-00405,PROD-0020,2,180.0,0.0
ITEM-000645,ORD-00196,PROD-0008,2,69.98,20.0
ITEM-000646,ORD-00028,PROD-0014,2,85.0,15.0
ITEM-000647,ORD-00248,PROD-0028,5,45.0,0.0
ITEM-000648,ORD-00089,PROD-0020,2,180.0,5.0
ITEM-000649,ORD-00433,PROD-0002,2,89.98,15.0
ITEM-000650,ORD-00456,PROD-0032,4,52.0,10.0
ITEM-000651,ORD-00249,PROD-0013,4,45.0,0.0
ITEM-000652,ORD-00342,PROD-0001,4,799.98,5.0
ITEM-000653,ORD-00508,PROD-0019,4,40.0,5.0
ITEM-000654,ORD-00526,PROD-0032,1,52.0,10.0
ITEM-000655,ORD-00020,PROD-0028,5,45.0,0.0
ITEM-000656,ORD-00275,PROD-0027,1,75.0,5.0
ITEM-000657,ORD-00356,PROD-0029,1,38.0,0.0
ITEM-000658,ORD-00295,PROD-0013,4,45.0,0.0
ITEM-000659,ORD-00520,PROD-0015,3,55.0,10.0
ITEM-000660,ORD-00480,PROD-0009,4,199.98,5.0
ITEM-000661,ORD-00369,PROD-0031,2,28.0,10.0
ITEM-000662,ORD-00213,PROD-0019,1,40.0,15.0
ITEM-000663,ORD-00495,PROD-0009,2,199.98,10.0
ITEM-000664,ORD-00504,PROD-0007,4,29.98,0.0
ITEM-000665,ORD-00241,PROD-0014,1,85.0,0.0
ITEM-000666,ORD-00268,PROD-0023,2,40.0,20.0
ITEM-000667,ORD-00516,PROD-0003,3,349.98,5.0
ITEM-000668,ORD-00117,PROD-0015,2,55.0,5.0
ITEM-000669,ORD-00265,PROD-0022,1,12.0,20.0
ITEM-000670,ORD-00571,PROD-0018,5,12.5,10.0
ITEM-000671,ORD-00107,PROD-0004,4,119.98,20.0
ITEM-000672,ORD-00469,PROD-0008,5,69.98,10.0
ITEM-000673,ORD-00105,PROD-0003,2,349.98,15.0
ITEM-000674,ORD-00121,PROD-0014,2,85.0,15.0
ITEM-000675,ORD-00300,PROD-0029,4,38.0,15.0
ITEM-000676,ORD-00102,PROD-0010,3,499.98,20.0
ITEM-000677,ORD-00142,PROD-0008,4,69.98,5.0
ITEM-000678,ORD-00007,PROD-0016,4,25.0,0.0
ITEM-000679,ORD-00294,PROD-0033,3,22.0,0.0
ITEM-000680,ORD-00425,PROD-0024,2,130.0,0.0
ITEM-000681,ORD-00543,PROD-0027,2,75.0,20.0
ITEM-000682,ORD-00440,PROD-0027,4,75.0,20.0
ITEM-000683,ORD-00529,PROD-0024,4,130.0,0.0
ITEM-000684,ORD-00011,PROD-0005,3,49.98,5.0
ITEM-000685,ORD-00169,PROD-0028,1,45.0,15.0
ITEM-000686,ORD-00155,PROD-0004,5,119.98,0.0
ITEM-000687,ORD-00430,PROD-0026,5,22.0,20.0
ITEM-000688,ORD-00312,PROD-0021,1,35.0,20.0
ITEM-000689,ORD-00287,PROD-0010,4,499.98,15.0
ITEM-000690,ORD-00211,PROD-0029,4,38.0,20.0
ITEM-000691,ORD-00203,PROD-0020,5,180.0,0.0
ITEM-000692,ORD-00400,PROD-0009,5,199.98,0.0
ITEM-000693,ORD-00219,PROD-0006,3,59.98,10.0
ITEM-000694,ORD-00349,PROD-0011,-3,65.0,10.0
ITEM-000695,ORD-00265,PROD-0016,3,25.0,15.0
ITEM-000696,ORD-00433,PROD-0033,1,22.0,20.0
ITEM-000697,ORD-00382,PROD-0017,3,120.0,0.0
ITEM-000698,ORD-00049,PROD-0008,5,69.98,15.0
ITEM-000699,ORD-00006,PROD-0030,2,32.0,20.0
ITEM-000700,ORD-00596,PROD-0015,3,55.0,15.0
ITEM-000701,ORD-00587,PROD-0009,5,199.98,15.0
ITEM-000702,ORD-00254,PROD-0007,5,29.98,0.0
ITEM-000703,ORD-00370,PROD-0030,4,32.0,20.0
ITEM-000704,ORD-00422,PROD-0006,4,59.98,0.0
ITEM-000705,ORD-00488,PROD-0014,3,85.0,15.0
ITEM-000706,ORD-00539,PROD-0026,5,22.0,20.0
ITEM-000707,ORD-00405,PROD-0017,4,120.0,5.0
ITEM-000708,ORD-00502,PROD-0027,2,75.0,10.0
ITEM-000709,ORD-00131,PROD-0032,2,52.0,15.0
ITEM-000710,ORD-00526,PROD-0008,4,69.98,5.0
ITEM-000711,ORD-00034,PROD-0011,3,65.0,0.0
ITEM-000712,ORD-00419,PROD-0008,5,69.98,0.0
ITEM-000713,ORD-00042,PROD-0010,3,499.98,0.0
ITEM-000714,ORD-00311,PROD-0019,2,40.0,0.0
ITEM-000715,ORD-00432,PROD-0004,3,119.98,0.0
ITEM-000716,ORD-00221,PROD-0012,4,19.98,0.0
ITEM-000717,ORD-00126,PROD-0023,1,40.0,5.0
ITEM-000718,ORD-00493,PROD-0020,3,180.0,20.0
ITEM-000719,ORD-00387,PROD-0031,5,28.0,0.0
ITEM-000720,ORD-00142,PROD-0033,4,22.0,15.0
ITEM-000721,ORD-00460,PROD-0010,3,499.98,0.0
ITEM-000722,ORD-00420,PROD-0025,4,250.0,0.0
ITEM-000723,ORD-00554,PROD-0003,4,349.98,15.0
ITEM-000724,ORD-00285,PROD-0006,1,59.98,10.0
ITEM-000725,ORD-00317,PROD-0008,1,69.98,0.0
ITEM-000726,ORD-00555,PROD-0004,5,119.98,0.0
ITEM-000727,ORD-00488,PROD-0033,1,22.0,15.0
ITEM-000728,ORD-00545,PROD-0012,3,19.98,20.0
ITEM-000729,ORD-00211,PROD-0016,5,25.0,5.0
ITEM-000730,ORD-00087,PROD-0021,1,35.0,5.0
ITEM-000731,ORD-00024,PROD-0022,4,12.0,0.0
ITEM-000732,ORD-00541,PROD-0021,1,35.0,0.0
ITEM-000733,ORD-00102,PROD-0011,2,65.0,0.0
ITEM-000734,ORD-00092,PROD-0010,4,499.98,15.0
ITEM-000735,ORD-00174,PROD-0004,3,119.98,0.0
ITEM-000736,ORD-00028,PROD-0004,1,119.98,0.0
ITEM-000737,ORD-00146,PROD-0027,3,75.0,5.0
ITEM-000738,ORD-00124,PROD-0004,5,119.98,10.0
ITEM-000739,ORD-00243,PROD-0032,5,52.0,5.0
ITEM-000740,ORD-00118,PROD-0018,4,12.5,10.0
ITEM-000741,ORD-00417,PROD-0005,4,49.98,15.0
ITEM-000742,ORD-00240,PROD-0002,5,89.98,15.0
ITEM-000743,ORD-00104,PROD-0016,2,25.0,0.0
ITEM-000744,ORD-00582,PROD-0027,5,75.0,0.0
ITEM-000745,ORD-00146,PROD-0024,2,130.0,20.0
ITEM-000746,ORD-00252,PROD-0028,5,45.0,5.0
ITEM-000747,ORD-00043,PROD-0001,5,799.98,0.0
ITEM-000748,ORD-00172,PROD-0001,4,799.98,0.0
ITEM-000749,ORD-00257,PROD-0025,2,250.0,10.0
ITEM-000750,ORD-00523,PROD-0019,5,40.0,10.0
ITEM-000751,ORD-00072,PROD-0020,1,180.0,20.0
ITEM-000752,ORD-00144,PROD-0018,2,12.5,10.0
ITEM-000753,ORD-00517,PROD-0021,3,35.0,15.0
ITEM-000754,ORD-00268,PROD-0029,3,38.0,0.0
ITEM-000755,ORD-00216,PROD-0030,3,32.0,0.0
ITEM-000756,ORD-00137,PROD-0001,1,799.98,0.0
ITEM-000757,ORD-00178,PROD-0027,4,75.0,20.0
ITEM-000758,ORD-00403,PROD-0006,1,59.98,10.0
ITEM-000759,ORD-00032,PROD-0029,3,38.0,20.0
ITEM-000760,ORD-00386,PROD-0023,1,40.0,0.0
ITEM-000761,ORD-00474,PROD-0024,4,130.0,0.0
ITEM-000762,ORD-00227,PROD-0002,3,89.98,0.0
ITEM-000763,ORD-00093,PROD-0020,2,180.0,0.0
ITEM-000764,ORD-00506,PROD-0024,4,130.0,15.0
ITEM-000765,ORD-00215,PROD-0001,4,799.98,0.0
ITEM-000766,ORD-00285,PROD-0033,5,22.0,0.0
ITEM-000767,ORD-00580,PROD-0012,2,19.98,15.0
ITEM-000768,ORD-00067,PROD-0009,5,199.98,20.0
ITEM-000769,ORD-00234,PROD-0018,1,12.5,15.0
ITEM-000770,ORD-00546,PROD-0017,4,120.0,0.0
ITEM-000771,ORD-00438,PROD-0004,3,119.98,5.0
ITEM-000772,ORD-00417,PROD-0018,5,12.5,5.0
ITEM-000773,ORD-00508,PROD-0024,1,130.0,15.0
ITEM-000774,ORD-00230,PROD-0004,4,119.98,10.0
ITEM-000775,ORD-00460,PROD-0021,-1,35.0,0.0
ITEM-000776,ORD-00084,PROD-0002,2,89.98,15.0
ITEM-000777,ORD-00434,PROD-0005,2,49.98,0.0
ITEM-000778,ORD-00338,PROD-0020,1,180.0,0.0
ITEM-000779,ORD-00492,PROD-0028,5,45.0,20.0
ITEM-000780,ORD-00343,PROD-0017,4,120.0,0.0
ITEM-000781,ORD-00349,PROD-0004,5,119.98,20.0
ITEM-000782,ORD-00243,PROD-0005,5,49.98,5.0
ITEM-000783,ORD-00098,PROD-0029,1,38.0,0.0
ITEM-000784,ORD-00035,PROD-0025,1,250.0,20.0
ITEM-000785,ORD-00131,PROD-0004,4,119.98,0.0
ITEM-000786,ORD-00309,PROD-0028,1,45.0,10.0
ITEM-000787,ORD-00054,PROD-0019,4,40.0,0.0
ITEM-000788,ORD-00421,PROD-0015,5,55.0,0.0
ITEM-000789,ORD-00465,PROD-0025,4,250.0,10.0
ITEM-000790,ORD-00104,PROD-0022,1,12.0,5.0
ITEM-000791,ORD-00530,PROD-0022,1,12.0,0.0
ITEM-000792,ORD-00013,PROD-0005,2,49.98,10.0
ITEM-000793,ORD-00130,PROD-0033,4,22.0,5.0
ITEM-000794,ORD-00456,PROD-0012,1,19.98,0.0
ITEM-000795,ORD-00131,PROD-0020,5,180.0,15.0
ITEM-000796,ORD-00367,PROD-0020,5,180.0,20.0
ITEM-000797,ORD-00150,PROD-0010,5,499.98,0.0
ITEM-000798,ORD-00299,PROD-0024,5,130.0,10.0
ITEM-000799,ORD-00149,PROD-0004,5,119.98,20.0
ITEM-000800,ORD-00056,PROD-0028,2,45.0,15.0
ITEM-000801,ORD-00207,PROD-0005,4,49.98,15.0
ITEM-000802,ORD-00479,PROD-0022,5,12.0,0.0
ITEM-000803,ORD-00307,PROD-0027,1,75.0,5.0
ITEM-000804,ORD-00044,PROD-0032,1,52.0,15.0
ITEM-000805,ORD-00229,PROD-0015,2,55.0,0.0
ITEM-000806,ORD-00493,PROD-0022,4,12.0,0.0
ITEM-000807,ORD-00410,PROD-0012,1,19.98,0.0
ITEM-000808,ORD-00011,PROD-0005,5,49.98,0.0
ITEM-000809,ORD-00146,PROD-0019,5,40.0,20.0
ITEM-000810,ORD-00369,PROD-0003,2,349.98,0.0
ITEM-000811,ORD-00291,PROD-0012,3,19.98,15.0
ITEM-000812,ORD-00179,PROD-0022,2,12.0,0.0
ITEM-000813,ORD-00201,PROD-0002,3,89.98,0.0
ITEM-000814,ORD-00022,PROD-0009,1,199.98,0.0
ITEM-000815,ORD-00216,PROD-0020,3,180.0,20.0
ITEM-000816,ORD-00382,PROD-0011,5,65.0,5.0
ITEM-000817,ORD-00067,PROD-0008,2,69.98,20.0
ITEM-000818,ORD-00195,PROD-0013,3,45.0,0.0
ITEM-000819,ORD-00440,PROD-0016,5,25.0,10.0
ITEM-000820,ORD-00194,PROD-0019,3,40.0,0.0
ITEM-000821,ORD-00055,PROD-0018,5,12.5,10.0
ITEM-000822,ORD-00501,PROD-0014,4,85.0,20.0
ITEM-000823,ORD-00067,PROD-0011,5,65.0,0.0
ITEM-000824,ORD-00511,PROD-0030,3,32.0,10.0
ITEM-000825,ORD-00495,PROD-0032,5,52.0,5.0
ITEM-000826,ORD-00598,PROD-0003,2,349.98,5.0
ITEM-000827,ORD-00241,PROD-0026,4,22.0,5.0
ITEM-000828,ORD-00586,PROD-0011,3,65.0,0.0
ITEM-000829,ORD-00564,PROD-0006,1,59.98,0.0
ITEM-000830,ORD-00456,PROD-0023,1,40.0,5.0
ITEM-000831,ORD-00525,PROD-0022,4,12.0,5.0
ITEM-000832,ORD-00419,PROD-0024,3,130.0,0.0
ITEM-000833,ORD-00392,PROD-0002,2,89.98,0.0
ITEM-000834,ORD-00078,PROD-0023,3,40.0,20.0
ITEM-000835,ORD-00514,PROD-0033,1,22.0,20.0
ITEM-000836,ORD-00284,PROD-0015,1,55.0,0.0
ITEM-000837,ORD-00040,PROD-0013,3,45.0,0.0
ITEM-000838,ORD-00310,PROD-0018,5,12.5,0.0
ITEM-000839,ORD-00557,PROD-0017,-2,120.0,0.0
ITEM-000840,ORD-00355,PROD-0026,5,22.0,20.0
ITEM-000841,ORD-00013,PROD-0031,2,28.0,20.0
ITEM-000842,ORD-00408,PROD-0015,2,55.0,5.0
ITEM-000843,ORD-00240,PROD-0030,4,32.0,0.0
ITEM-000844,ORD-00088,PROD-0021,4,35.0,20.0
ITEM-000845,ORD-00428,PROD-0014,5,85.0,0.0
ITEM-000846,ORD-00384,PROD-0009,2,199.98,0.0
ITEM-000847,ORD-00010,PROD-0032,3,52.0,0.0
ITEM-000848,ORD-00231,PROD-0027,4,75.0,20.0
ITEM-000849,ORD-00551,PROD-0020,1,180.0,10.0
ITEM-000850,ORD-00033,PROD-0009,3,199.98,10.0
ITEM-000851,ORD-00588,PROD-0026,2,22.0,5.0
ITEM-000852,ORD-00066,PROD-0025,1,250.0,0.0
ITEM-000853,ORD-00584,PROD-0029,3,38.0,0.0
ITEM-000854,ORD-00176,PROD-0007,2,29.98,0.0
ITEM-000855,ORD-00501,PROD-0002,1,89.98,5.0
ITEM-000856,ORD-00291,PROD-0014,5,85.0,0.0
ITEM-000857,ORD-00466,PROD-0004,1,119.98,0.0
ITEM-000858,ORD-00335,PROD-0027,1,75.0,0.0
ITEM-000859,ORD-00550,PROD-0027,1,75.0,5.0
ITEM-000860,ORD-00212,PROD-0009,3,199.98,5.0
ITEM-000861,ORD-00487,PROD-0011,3,65.0,10.0
ITEM-000862,ORD-00208,PROD-0033,4,22.0,0.0
ITEM-000863,ORD-00207,PROD-0001,4,799.98,0.0
ITEM-000864,ORD-00409,PROD-0016,5,25.0,5.0
ITEM-000865,ORD-00472,PROD-0030,1,32.0,0.0
ITEM-000866,ORD-00468,PROD-0023,3,40.0,5.0
ITEM-000867,ORD-00180,PROD-0027,5,75.0,15.0
ITEM-000868,ORD-00443,PROD-0030,2,32.0,15.0
ITEM-000869,ORD-00583,PROD-0007,1,29.98,0.0
ITEM-000870,ORD-00162,PROD-0018,5,12.5,0.0
ITEM-000871,ORD-00069,PROD-0014,4,85.0,20.0
ITEM-000872,ORD-00567,PROD-0008,1,69.98,20.0
ITEM-000873,ORD-00108,PROD-0033,3,22.0,5.0
ITEM-000874,ORD-00462,PROD-0011,5,65.0,0.0
ITEM-000875,ORD-00474,PROD-0002,4,89.98,5.0
ITEM-000876,ORD-00352,PROD-0026,4,22.0,0.0
ITEM-000877,ORD-00011,PROD-0017,2,120.0,0.0
ITEM-000878,ORD-00476,PROD-0032,1,52.0,10.0
ITEM-000879,ORD-00249,PROD-0029,3,38.0,20.0
ITEM-000880,ORD-00166,PROD-0011,5,65.0,0.0
ITEM-000881,ORD-00182,PROD-0019,4,40.0,0.0
ITEM-000882,ORD-00080,PROD-0001,2,799.98,5.0
ITEM-000883,ORD-00367,PROD-0012,1,19.98,15.0
ITEM-000884,ORD-00546,PROD-0014,1,85.0,20.0
ITEM-000885,ORD-00536,PROD-0007,3,29.98,5.0
ITEM-000886,ORD-00054,PROD-0001,4,799.98,20.0
ITEM-000887,ORD-00207,PROD-0016,2,25.0,0.0
ITEM-000888,ORD-00094,PROD-0002,1,89.98,0.0
ITEM-000889,ORD-00197,PROD-0005,1,49.98,20.0
ITEM-000890,ORD-00172,PROD-0011,5,65.0,0.0
ITEM-000891,ORD-00335,PROD-0021,2,35.0,10.0
ITEM-000892,ORD-00213,PROD-0026,1,22.0,0.0
ITEM-000893,ORD-00219,PROD-0007,2,29.98,0.0
ITEM-000894,ORD-00412,PROD-0021,-1,35.0,5.0
ITEM-000895,ORD-00226,PROD-0005,3,49.98,15.0
ITEM-000896,ORD-00378,PROD-0003,2,349.98,5.0
ITEM-000897,ORD-00309,PROD-0032,1,52.0,15.0
ITEM-000898,ORD-00550,PROD-0011,1,65.0,10.0
ITEM-000899,ORD-00333,PROD-0025,2,250.0,0.0
ITEM-000900,ORD-00180,PROD-0021,4,35.0,0.0
ITEM-000901,ORD-00344,PROD-0002,5,89.98,5.0
ITEM-000902,ORD-00392,PROD-0033,2,22.0,10.0
ITEM-000903,ORD-00014,PROD-0015,-1,55.0,0.0
ITEM-000904,ORD-00243,PROD-0028,5,45.0,0.0
ITEM-000905,ORD-00062,PROD-0009,3,199.98,0.0
ITEM-000906,ORD-00156,PROD-0025,1,250.0,0.0
ITEM-000907,ORD-00455,PROD-0022,3,12.0,15.0
ITEM-000908,ORD-00041,PROD-0027,3,75.0,20.0
ITEM-000909,ORD-00025,PROD-0015,3,55.0,0.0
ITEM-000910,ORD-00249,PROD-0014,2,85.0,20.0
ITEM-000911,ORD-00228,PROD-0025,2,250.0,5.0
ITEM-000912,ORD-00007,PROD-0005,1,49.98,0.0
ITEM-000913,ORD-00054,PROD-0010,2,499.98,0.0
ITEM-000914,ORD-00178,PROD-0014,1,85.0,5.0
ITEM-000915,ORD-00479,PROD-0020,2,180.0,0.0
ITEM-000916,ORD-00435,PROD-0012,3,19.98,0.0
ITEM-000917,ORD-00591,PROD-0029,2,38.0,0.0
ITEM-000918,ORD-00493,PROD-0006,3,59.98,5.0
ITEM-000919,ORD-00387,PROD-0011,4,65.0,10.0
ITEM-000920,ORD-00444,PROD-0010,4,499.98,0.0
ITEM-000921,ORD-00391,PROD-0028,3,45.0,10.0
ITEM-000922,ORD-00551,PROD-0010,2,499.98,0.0
ITEM-000923,ORD-00390,PROD-0030,3,32.0,5.0
ITEM-000924,ORD-00576,PROD-0031,2,28.0,15.0
ITEM-000925,ORD-00481,PROD-0013,2,45.0,0.0
ITEM-000926,ORD-00014,PROD-0033,3,22.0,5.0
ITEM-000927,ORD-00415,PROD-0027,3,75.0,5.0
ITEM-000928,ORD-00502,PROD-0020,5,180.0,0.0
ITEM-000929,ORD-00419,PROD-0003,1,349.98,5.0
ITEM-000930,ORD-00580,PROD-0011,4,65.0,0.0
ITEM-000931,ORD-00357,PROD-0033,3,22.0,15.0
ITEM-000932,ORD-00060,PROD-0025,2,250.0,0.0
ITEM-000933,ORD-00490,PROD-0003,3,349.98,15.0
ITEM-000934,ORD-00029,PROD-0010,4,499.98,15.0
ITEM-000935,ORD-00151,PROD-0017,5,120.0,15.0
ITEM-000936,ORD-00166,PROD-0001,1,799.98,15.0
ITEM-000937,ORD-00394,PROD-0026,1,22.0,10.0
ITEM-000938,ORD-00194,PROD-0028,4,45.0,0.0
ITEM-000939,ORD-00310,PROD-0033,4,22.0,10.0
ITEM-000940,ORD-00316,PROD-0027,1,75.0,0.0
ITEM-000941,ORD-00587,PROD-0023,3,40.0,15.0
ITEM-000942,ORD-00215,PROD-0026,1,22.0,0.0
ITEM-000943,ORD-00504,PROD-0001,4,799.98,10.0
ITEM-000944,ORD-00427,PROD-0019,2,40.0,0.0
ITEM-000945,ORD-00384,PROD-0012,2,19.98,5.0
ITEM-000946,ORD-00187,PROD-0033,4,22.0,10.0
ITEM-000947,ORD-00218,PROD-0012,2,19.98,20.0
ITEM-000948,ORD-00197,PROD-0017,4,120.0,5.0
ITEM-000949,ORD-00112,PROD-0011,1,65.0,5.0
ITEM-000950,ORD-00128,PROD-0018,1,12.5,10.0
ITEM-000951,ORD-00241,PROD-0031,1,28.0,0.0
ITEM-000952,ORD-00063,PROD-0018,1,12.5,15.0
ITEM-000953,ORD-00597,PROD-0003,5,349.98,20.0
ITEM-000954,ORD-00008,PROD-0025,3,250.0,5.0
ITEM-000955,ORD-00485,PROD-0022,3,12.0,0.0
ITEM-000956,ORD-00352,PROD-0021,3,35.0,15.0
ITEM-000957,ORD-00409,PROD-0025,3,250.0,20.0
ITEM-000958,ORD-00339,PROD-0007,-3,29.98,5.0
ITEM-000959,ORD-00143,PROD-0002,5,89.98,0.0
ITEM-000960,ORD-00255,PROD-0024,4,130.0,10.0
ITEM-000961,ORD-00424,PROD-0013,-3,45.0,20.0
ITEM-000962,ORD-00330,PROD-0002,1,89.98,20.0
ITEM-000963,ORD-00334,PROD-0029,4,38.0,5.0
ITEM-000964,ORD-00084,PROD-0023,4,40.0,15.0
ITEM-000965,ORD-00103,PROD-0025,2,250.0,15.0
ITEM-000966,ORD-00147,PROD-0033,4,22.0,20.0
ITEM-000967,ORD-00090,PROD-0020,5,180.0,20.0
ITEM-000968,ORD-00479,PROD-0011,1,65.0,5.0
ITEM-000969,ORD-00554,PROD-0016,2,25.0,20.0
ITEM-000970,ORD-00092,PROD-0007,1,29.98,0.0
ITEM-000971,ORD-00335,PROD-0025,2,250.0,15.0
ITEM-000972,ORD-00264,PROD-0031,1,28.0,15.0
ITEM-000973,ORD-00140,PROD-0032,3,52.0,20.0
ITEM-000974,ORD-00230,PROD-0005,4,49.98,15.0
ITEM-000975,ORD-00391,PROD-0028,2,45.0,0.0
ITEM-000976,ORD-00119,PROD-0019,1,40.0,0.0
ITEM-000977,ORD-00193,PROD-0008,2,69.98,20.0
ITEM-000978,ORD-00321,PROD-0025,1,250.0,0.0
ITEM-000979,ORD-00064,PROD-0013,4,45.0,0.0
ITEM-000980,ORD-00374,PROD-0009,5,199.98,10.0
ITEM-000981,ORD-00228,PROD-0007,5,29.98,20.0
ITEM-000982,ORD-00472,PROD-0021,3,35.0,20.0
ITEM-000983,ORD-00225,PROD-0032,2,52.0,10.0
ITEM-000984,ORD-00291,PROD-0010,1,499.98,10.0
ITEM-000985,ORD-00328,PROD-0020,1,180.0,0.0
ITEM-000986,ORD-00588,PROD-0031,2,28.0,5.0
ITEM-000987,ORD-00299,PROD-0025,3,250.0,0.0
ITEM-000988,ORD-00216,PROD-0015,1,55.0,20.0
ITEM-000989,ORD-00184,PROD-0032,3,52.0,20.0
ITEM-000990,ORD-00164,PROD-0002,3,89.98,5.0
ITEM-000991,ORD-00485,PROD-0023,4,40.0,0.0
ITEM-000992,ORD-00541,PROD-0019,2,40.0,15.0
ITEM-000993,ORD-00562,PROD-0026,3,22.0,20.0
ITEM-000994,ORD-00595,PROD-0004,3,119.98,5.0
ITEM-000995,ORD-00168,PROD-0009,4,199.98,0.0
ITEM-000996,ORD-00149,PROD-0014,2,85.0,15.0
ITEM-000997,ORD-00010,PROD-0024,5,130.0,0.0
ITEM-000998,ORD-00152,PROD-0025,4,250.0,15.0
ITEM-000999,ORD-00173,PROD-0004,4,119.98,0.0
ITEM-001000,ORD-00054,PROD-0008,3,69.98,10.0
ITEM-001001,ORD-00445,PROD-0010,4,499.98,0.0
ITEM-001002,ORD-00035,PROD-0008,4,69.98,0.0
ITEM-001003,ORD-00177,PROD-0025,1,250.0,20.0
ITEM-001004,ORD-00475,PROD-0025,4,250.0,0.0
ITEM-001005,ORD-00012,PROD-0008,1,69.98,5.0
ITEM-001006,ORD-00522,PROD-0015,-3,55.0,10.0
ITEM-001007,ORD-00492,PROD-0018,1,12.5,20.0
ITEM-001008,ORD-00186,PROD-0025,4,250.0,0.0
ITEM-001009,ORD-00586,PROD-0009,1,199.98,15.0
ITEM-001010,ORD-00551,PROD-0012,1,19.98,5.0
ITEM-001011,ORD-00570,PROD-0032,5,52.0,10.0
ITEM-001012,ORD-00128,PROD-0014,1,85.0,0.0
ITEM-001013,ORD-00185,PROD-0001,3,799.98,0.0
ITEM-001014,ORD-00041,PROD-0009,2,199.98,0.0
ITEM-001015,ORD-00576,PROD-0017,1,120.0,0.0
ITEM-001016,ORD-00128,PROD-0033,5,22.0,0.0
ITEM-001017,ORD-00434,PROD-0001,1,799.98,10.0
ITEM-001018,ORD-00301,PROD-0029,4,38.0,15.0
ITEM-001019,ORD-00321,PROD-0023,5,40.0,0.0
ITEM-001020,ORD-00102,PROD-0003,2,349.98,0.0
ITEM-001021,ORD-00307,PROD-0014,5,85.0,10.0
ITEM-001022,ORD-00222,PROD-0023,5,40.0,5.0
ITEM-001023,ORD-00077,PROD-0017,2,120.0,5.0
ITEM-001024,ORD-00468,PROD-0006,4,59.98,15.0
ITEM-001025,ORD-00147,PROD-0014,3,85.0,15.0
ITEM-001026,ORD-00198,PROD-0024,5,130.0,10.0
ITEM-001027,ORD-00168,PROD-0027,3,75.0,20.0
ITEM-001028,ORD-00445,PROD-0025,-3,250.0,0.0
ITEM-001029,ORD-00080,PROD-0018,1,12.5,15.0
ITEM-001030,ORD-00562,PROD-0027,1,75.0,0.0
ITEM-001031,ORD-00342,PROD-0018,2,12.5,0.0
ITEM-001032,ORD-00011,PROD-0007,2,29.98,5.0
ITEM-001033,ORD-00108,PROD-0008,3,69.98,10.0
ITEM-001034,ORD-00502,PROD-0007,5,29.98,20.0
ITEM-001035,ORD-00289,PROD-0018,1,12.5,0.0
ITEM-001036,ORD-00326,PROD-0025,5,250.0,10.0
ITEM-001037,ORD-00413,PROD-0031,3,28.0,0.0
ITEM-001038,ORD-00526,PROD-0010,2,499.98,5.0
ITEM-001039,ORD-00582,PROD-0018,3,12.5,15.0
ITEM-001040,ORD-00256,PROD-0027,2,75.0,5.0
ITEM-001041,ORD-00363,PROD-0030,3,32.0,5.0
ITEM-001042,ORD-00534,PROD-0015,1,55.0,0.0
ITEM-001043,ORD-00417,PROD-0021,1,35.0,0.0
ITEM-001044,ORD-00246,PROD-0006,1,59.98,0.0
ITEM-001045,ORD-00293,PROD-0032,1,52.0,5.0
ITEM-001046,ORD-00521,PROD-0009,5,199.98,15.0
ITEM-001047,ORD-00546,PROD-0008,5,69.98,0.0
ITEM-001048,ORD-00008,PROD-0028,3,45.0,0.0
ITEM-001049,ORD-00541,PROD-0003,2,349.98,15.0
ITEM-001050,ORD-00537,PROD-0015,3,55.0,20.0
ITEM-001051,ORD-00137,PROD-0033,1,22.0,5.0
ITEM-001052,ORD-00508,PROD-0025,1,250.0,0.0
ITEM-001053,ORD-00256,PROD-0008,4,69.98,0.0
ITEM-001054,ORD-00272,PROD-0014,-3,85.0,10.0
ITEM-001055,ORD-00404,PROD-0014,5,85.0,20.0
ITEM-001056,ORD-00037,PROD-0030,4,32.0,0.0
ITEM-001057,ORD-00365,PROD-0001,3,799.98,0.0
ITEM-001058,ORD-00363,PROD-0007,-3,29.98,0.0
ITEM-001059,ORD-00412,PROD-0023,-2,40.0,5.0
ITEM-001060,ORD-00203,PROD-0006,2,59.98,5.0
ITEM-001061,ORD-00127,PROD-0032,-3,52.0,0.0
ITEM-001062,ORD-00232,PROD-0031,3,28.0,0.0
ITEM-001063,ORD-00439,PROD-0012,3,19.98,0.0
ITEM-001064,ORD-00450,PROD-0029,3,38.0,15.0
ITEM-001065,ORD-00445,PROD-0001,2,799.98,0.0
ITEM-001066,ORD-00195,PROD-0019,4,40.0,5.0
ITEM-001067,ORD-00340,PROD-0003,2,349.98,5.0
ITEM-001068,ORD-00273,PROD-0008,5,69.98,5.0
ITEM-001069,ORD-00131,PROD-0021,4,35.0,10.0
ITEM-001070,ORD-00399,PROD-0009,1,199.98,20.0
ITEM-001071,ORD-00022,PROD-0009,5,199.98,0.0
ITEM-001072,ORD-00243,PROD-0004,3,119.98,5.0
ITEM-001073,ORD-00009,PROD-0028,3,45.0,5.0
ITEM-001074,ORD-00085,PROD-0028,2,45.0,15.0
ITEM-001075,ORD-00524,PROD-0012,1,19.98,20.0
ITEM-001076,ORD-00270,PROD-0016,4,25.0,0.0
ITEM-001077,ORD-00486,PROD-0007,5,29.98,10.0
ITEM-001078,ORD-00186,PROD-0013,5,45.0,15.0
ITEM-001079,ORD-00153,PROD-0015,4,55.0,0.0
ITEM-001080,ORD-00281,PROD-0013,4,45.0,0.0
ITEM-001081,ORD-00205,PROD-0006,4,59.98,5.0
ITEM-001082,ORD-00538,PROD-0020,2,180.0,0.0
ITEM-001083,ORD-00345,PROD-0028,5,45.0,5.0
ITEM-001084,ORD-00053,PROD-0020,3,180.0,0.0
ITEM-001085,ORD-00360,PROD-0027,1,75.0,0.0
ITEM-001086,ORD-00042,PROD-0001,3,799.98,0.0
ITEM-001087,ORD-00293,PROD-0031,5,28.0,0.0
ITEM-001088,ORD-00442,PROD-0012,4,19.98,0.0
ITEM-001089,ORD-00343,PROD-0020,1,180.0,15.0
ITEM-001090,ORD-00566,PROD-0009,3,199.98,15.0
ITEM-001091,ORD-00542,PROD-0024,3,130.0,0.0
ITEM-001092,ORD-00599,PROD-0025,1,250.0,0.0
ITEM-001093,ORD-00124,PROD-0003,2,349.98,0.0
ITEM-001094,ORD-00457,PROD-0007,5,29.98,10.0
ITEM-001095,ORD-00352,PROD-0020,2,180.0,10.0
ITEM-001096,ORD-00158,PROD-0003,4,349.98,10.0
ITEM-001097,ORD-00259,PROD-0023,4,40.0,15.0
ITEM-001098,ORD-00121,PROD-0028,4,45.0,10.0
ITEM-001099,ORD-00516,PROD-0002,3,89.98,15.0
ITEM-001100,ORD-00133,PROD-0019,5,40.0,0.0
ITEM-001101,ORD-00195,PROD-0026,5,22.0,20.0
ITEM-001102,ORD-00526,PROD-0005,5,49.98,5.0
ITEM-001103,ORD-00576,PROD-0025,3,250.0,0.0
ITEM-001104,ORD-00189,PROD-0001,2,799.98,10.0
ITEM-001105,ORD-00010,PROD-0033,5,22.0,0.0
ITEM-001106,ORD-00311,PROD-0015,3,55.0,10.0
ITEM-001107,ORD-00122,PROD-0011,5,65.0,0.0
ITEM-001108,ORD-00299,PROD-0003,3,349.98,0.0
ITEM-001109,ORD-00277,PROD-0004,2,119.98,20.0
ITEM-001110,ORD-00216,PROD-0008,-2,69.98,15.0
ITEM-001111,ORD-00378,PROD-0021,5,35.0,0.0
ITEM-001112,ORD-00137,PROD-0027,3,75.0,0.0
ITEM-001113,ORD-00059,PROD-0001,2,799.98,15.0
ITEM-001114,ORD-00287,PROD-0012,1,19.98,10.0
ITEM-001115,ORD-00598,PROD-0007,4,29.98,15.0
ITEM-001116,ORD-00264,PROD-0014,2,85.0,0.0
ITEM-001117,ORD-00276,PROD-0014,4,85.0,0.0
ITEM-001118,ORD-00457,PROD-0015,4,55.0,0.0
ITEM-001119,ORD-00152,PROD-0031,2,28.0,5.0
ITEM-001120,ORD-00190,PROD-0012,4,19.98,15.0
ITEM-001121,ORD-00185,PROD-0019,-1,40.0,0.0
ITEM-001122,ORD-00404,PROD-0013,1,45.0,5.0
ITEM-001123,ORD-00252,PROD-0030,4,32.0,0.0
ITEM-001124,ORD-00540,PROD-0009,1,199.98,10.0
ITEM-001125,ORD-00103,PROD-0025,1,250.0,20.0
ITEM-001126,ORD-00014,PROD-0003,1,349.98,0.0
ITEM-001127,ORD-00147,PROD-0001,1,799.98,20.0
ITEM-001128,ORD-00109,PROD-0022,1,12.0,0.0
ITEM-001129,ORD-00143,PROD-0031,4,28.0,20.0
ITEM-001130,ORD-00168,PROD-0020,2,180.0,0.0
ITEM-001131,ORD-00058,PROD-0018,1,12.5,0.0
ITEM-001132,ORD-00046,PROD-0007,1,29.98,10.0
ITEM-001133,ORD-00426,PROD-0010,-1,499.98,0.0
ITEM-001134,ORD-00233,PROD-0028,3,45.0,15.0
ITEM-001135,ORD-00294,PROD-0015,4,55.0,15.0
ITEM-001136,ORD-00116,PROD-0032,1,52.0,0.0
ITEM-001137,ORD-00105,PROD-0019,5,40.0,0.0
ITEM-001138,ORD-00122,PROD-0024,1,130.0,0.0
ITEM-001139,ORD-00155,PROD-0012,3,19.98,10.0
ITEM-001140,ORD-00186,PROD-0028,3,45.0,10.0
ITEM-001141,ORD-00294,PROD-0023,3,40.0,5.0
ITEM-001142,ORD-00378,PROD-0017,1,120.0,20.0
ITEM-001143,ORD-00003,PROD-0010,2,499.98,0.0
ITEM-001144,ORD-00152,PROD-0025,4,250.0,20.0
ITEM-001145,ORD-00069,PROD-0008,3,69.98,0.0
ITEM-001146,ORD-00093,PROD-0021,2,35.0,20.0
ITEM-001147,ORD-00395,PROD-0023,4,40.0,5.0
ITEM-001148,ORD-00424,PROD-0022,2,12.0,5.0
ITEM-001149,ORD-00429,PROD-0032,4,52.0,10.0
ITEM-001150,ORD-00550,PROD-0015,5,55.0,15.0
ITEM-001151,ORD-00432,PROD-0015,2,55.0,0.0
ITEM-001152,ORD-00003,PROD-0014,1,85.0,0.0
ITEM-001153,ORD-00572,PROD-0031,1,28.0,0.0
ITEM-001154,ORD-00358,PROD-0024,2,130.0,0.0
ITEM-001155,ORD-00472,PROD-0010,5,499.98,5.0
ITEM-001156,ORD-00249,PROD-0014,1,85.0,15.0
ITEM-001157,ORD-00142,PROD-0008,2,69.98,5.0
ITEM-001158,ORD-00027,PROD-0028,1,45.0,15.0
ITEM-001159,ORD-00596,PROD-0005,5,49.98,20.0
ITEM-001160,ORD-00162,PROD-0002,2,89.98,0.0
ITEM-001161,ORD-00251,PROD-0005,-2,49.98,0.0
ITEM-001162,ORD-00187,PROD-0031,5,28.0,15.0
ITEM-001163,ORD-00307,PROD-0031,3,28.0,5.0
ITEM-001164,ORD-00014,PROD-0019,1,40.0,15.0
ITEM-001165,ORD-00033,PROD-0012,1,19.98,5.0
ITEM-001166,ORD-00434,PROD-0030,3,32.0,10.0
ITEM-001167,ORD-00514,PROD-0020,4,180.0,0.0
ITEM-001168,ORD-00279,PROD-0006,2,59.98,15.0
ITEM-001169,ORD-00217,PROD-0026,2,22.0,5.0
ITEM-001170,ORD-00189,PROD-0005,4,49.98,5.0
ITEM-001171,ORD-00321,PROD-0026,2,22.0,0.0
ITEM-001172,ORD-00381,PROD-0028,1,45.0,0.0
ITEM-001173,ORD-00080,PROD-0024,3,130.0,0.0
ITEM-001174,ORD-00246,PROD-0019,1,40.0,0.0
ITEM-001175,ORD-00217,PROD-0001,3,799.98,0.0
ITEM-001176,ORD-00565,PROD-0013,1,45.0,0.0
ITEM-001177,ORD-00276,PROD-0006,5,59.98,0.0
ITEM-001178,ORD-00578,PROD-0031,3,28.0,0.0
ITEM-001179,ORD-00317,PROD-0001,3,799.98,5.0
ITEM-001180,ORD-00513,PROD-0013,4,45.0,15.0
ITEM-001181,ORD-00365,PROD-0009,1,199.98,0.0
ITEM-001182,ORD-00418,PROD-0033,2,22.0,0.0
ITEM-001183,ORD-00392,PROD-0031,1,28.0,0.0
ITEM-001184,ORD-00166,PROD-0010,1,499.98,15.0
ITEM-001185,ORD-00096,PROD-0015,2,55.0,20.0
ITEM-001186,ORD-00165,PROD-0033,5,22.0,15.0
ITEM-001187,ORD-00536,PROD-0022,2,12.0,0.0
ITEM-001188,ORD-00298,PROD-0024,4,130.0,0.0
ITEM-001189,ORD-00397,PROD-0016,5,25.0,10.0
ITEM-001190,ORD-00077,PROD-0010,4,499.98,0.0
ITEM-001191,ORD-00016,PROD-0010,3,499.98,10.0
ITEM-001192,ORD-00090,PROD-0032,3,52.0,0.0
ITEM-001193,ORD-00303,PROD-0011,5,65.0,0.0
ITEM-001194,ORD-00362,PROD-0006,4,59.98,0.0
ITEM-001195,ORD-00485,PROD-0017,4,120.0,15.0
ITEM-001196,ORD-00144,PROD-0008,4,69.98,0.0
ITEM-001197,ORD-00373,PROD-0019,5,40.0,15.0
ITEM-001198,ORD-00133,PROD-0029,5,38.0,0.0
ITEM-001199,ORD-00383,PROD-0006,5,59.98,5.0
ITEM-001200,ORD-00270,PROD-0003,1,349.98,15.0
